Domain Code,Domain,Area Code,Area,Element Code,Element,Item Code,Item,Year Code,Year,Unit,Value,Flag,Flag Description,Note
QCL,Crops and livestock products,185,Russian Federation,5111,Stocks,1107,Asses,1992,1992,An,21500.0,A,Official figure,
QCL,Crops and livestock products,185,Russian Federation,5111,Stocks,1107,Asses,1993,1993,An,21500.0,A,Official figure,
QCL,Crops and livestock products,185,Russian Federation,5111,Stocks,1107,Asses,1994,1994,An,25549.0,A,Official figure,
QCL,Crops and livestock products,185,Russian Federation,5111,Stocks,1107,Asses,1995,1995,An,26000.0,E,Estimated value,
QCL,Crops and livestock products,185,Russian Federation,5111,Stocks,1107,Asses,1996,1996,An,26500.0,E,Estimated value,
QCL,Crops and livestock products,185,Russian Federation,5111,Stocks,1107,Asses,1997,1997,An,26000.0,E,Estimated value,
QCL,Crops and livestock products,185,Russian Federation,5111,Stocks,1107,Asses,1998,1998,An,25000.0,E,Estimated value,
QCL,Crops and livestock products,185,Russian Federation,5111,Stocks,1107,Asses,1999,1999,An,25000.0,E,Estimated value,
QCL,Crops and livestock products,185,Russian Federation,5111,Stocks,1107,Asses,2000,2000,An,22000.0,E,Estimated value,
QCL,Crops and livestock products,185,Russian Federation,5111,Stocks,1107,Asses,2001,2001,An,25496.0,A,Official figure,
QCL,Crops and livestock products,185,Russian Federation,5111,Stocks,1107,Asses,2002,2002,An,23668.0,A,Official figure,
QCL,Crops and livestock products,185,Russian Federation,5111,Stocks,1107,Asses,2003,2003,An,22962.0,A,Official figure,
QCL,Crops and livestock products,185,Russian Federation,5111,Stocks,1107,Asses,2004,2004,An,24004.0,A,Official figure,
QCL,Crops and livestock products,185,Russian Federation,5111,Stocks,1107,Asses,2005,2005,An,23258.0,A,Official figure,
QCL,Crops and livestock products,185,Russian Federation,5111,Stocks,1107,Asses,2006,2006,An,21929.0,A,Official figure,
QCL,Crops and livestock products,185,Russian Federation,5111,Stocks,1107,Asses,2007,2007,An,20847.0,A,Official figure,
QCL,Crops and livestock products,185,Russian Federation,5111,Stocks,1107,Asses,2008,2008,An,19934.0,A,Official figure,
QCL,Crops and livestock products,185,Russian Federation,5111,Stocks,1107,Asses,2009,2009,An,19274.0,A,Official figure,
QCL,Crops and livestock products,185,Russian Federation,5111,Stocks,1107,Asses,2010,2010,An,18449.0,A,Official figure,
QCL,Crops and livestock products,185,Russian Federation,5111,Stocks,1107,Asses,2011,2011,An,17189.0,A,Official figure,
QCL,Crops and livestock products,185,Russian Federation,5111,Stocks,1107,Asses,2012,2012,An,15068.0,A,Official figure,
QCL,Crops and livestock products,185,Russian Federation,5111,Stocks,1107,Asses,2013,2013,An,14636.0,A,Official figure,
QCL,Crops and livestock products,185,Russian Federation,5111,Stocks,1107,Asses,2014,2014,An,13048.0,A,Official figure,
QCL,Crops and livestock products,185,Russian Federation,5111,Stocks,1107,Asses,2015,2015,An,12150.0,A,Official figure,
QCL,Crops and livestock products,185,Russian Federation,5111,Stocks,1107,Asses,2016,2016,An,10628.0,A,Official figure,
QCL,Crops and livestock products,185,Russian Federation,5111,Stocks,1107,Asses,2017,2017,An,9136.0,A,Official figure,
QCL,Crops and livestock products,185,Russian Federation,5111,Stocks,1107,Asses,2018,2018,An,8148.0,A,Official figure,
QCL,Crops and livestock products,185,Russian Federation,5111,Stocks,1107,Asses,2019,2019,An,7750.0,A,Official figure,
QCL,Crops and livestock products,185,Russian Federation,5111,Stocks,1107,Asses,2020,2020,An,6244.0,A,Official figure,
QCL,Crops and livestock products,185,Russian Federation,5111,Stocks,1107,Asses,2021,2021,An,6147.0,A,Official figure,
QCL,Crops and livestock products,185,Russian Federation,5111,Stocks,1107,Asses,2022,2022,An,5746.0,A,Official figure,
QCL,Crops and livestock products,185,Russian Federation,5114,Stocks,1181,Bees,1992,1992,No,4593000.0,A,Official figure,
QCL,Crops and livestock products,185,Russian Federation,5114,Stocks,1181,Bees,1993,1993,No,4711400.0,A,Official figure,
QCL,Crops and livestock products,185,Russian Federation,5114,Stocks,1181,Bees,1994,1994,No,4333000.0,A,Official figure,
QCL,Crops and livestock products,185,Russian Federation,5114,Stocks,1181,Bees,1995,1995,No,4303500.0,A,Official figure,
QCL,Crops and livestock products,185,Russian Federation,5114,Stocks,1181,Bees,1996,1996,No,4082800.0,A,Official figure,
QCL,Crops and livestock products,185,Russian Federation,5114,Stocks,1181,Bees,1997,1997,No,3741300.0,A,Official figure,
QCL,Crops and livestock products,185,Russian Federation,5114,Stocks,1181,Bees,1998,1998,No,3578600.0,A,Official figure,
QCL,Crops and livestock products,185,Russian Federation,5114,Stocks,1181,Bees,1999,1999,No,3521100.0,A,Official figure,
QCL,Crops and livestock products,185,Russian Federation,5114,Stocks,1181,Bees,2000,2000,No,3440565.0,A,Official figure,
QCL,Crops and livestock products,185,Russian Federation,5114,Stocks,1181,Bees,2001,2001,No,3473885.0,A,Official figure,
QCL,Crops and livestock products,185,Russian Federation,5114,Stocks,1181,Bees,2002,2002,No,3446300.0,A,Official figure,
QCL,Crops and livestock products,185,Russian Federation,5114,Stocks,1181,Bees,2003,2003,No,3414625.0,A,Official figure,
QCL,Crops and livestock products,185,Russian Federation,5114,Stocks,1181,Bees,2004,2004,No,3302799.0,A,Official figure,
QCL,Crops and livestock products,185,Russian Federation,5114,Stocks,1181,Bees,2005,2005,No,3296966.0,A,Official figure,
QCL,Crops and livestock products,185,Russian Federation,5114,Stocks,1181,Bees,2006,2006,No,3228497.0,A,Official figure,
QCL,Crops and livestock products,185,Russian Federation,5114,Stocks,1181,Bees,2007,2007,No,3060407.0,A,Official figure,
QCL,Crops and livestock products,185,Russian Federation,5114,Stocks,1181,Bees,2008,2008,No,3097174.0,A,Official figure,
QCL,Crops and livestock products,185,Russian Federation,5114,Stocks,1181,Bees,2009,2009,No,2975622.0,A,Official figure,
QCL,Crops and livestock products,185,Russian Federation,5114,Stocks,1181,Bees,2010,2010,No,3047239.0,A,Official figure,
QCL,Crops and livestock products,185,Russian Federation,5114,Stocks,1181,Bees,2011,2011,No,3049324.0,A,Official figure,
QCL,Crops and livestock products,185,Russian Federation,5114,Stocks,1181,Bees,2012,2012,No,3250096.0,A,Official figure,
QCL,Crops and livestock products,185,Russian Federation,5114,Stocks,1181,Bees,2013,2013,No,3284176.0,A,Official figure,
QCL,Crops and livestock products,185,Russian Federation,5114,Stocks,1181,Bees,2014,2014,No,3341454.0,A,Official figure,
QCL,Crops and livestock products,185,Russian Federation,5114,Stocks,1181,Bees,2015,2015,No,3474014.0,A,Official figure,
QCL,Crops and livestock products,185,Russian Federation,5114,Stocks,1181,Bees,2016,2016,No,3425405.0,A,Official figure,
QCL,Crops and livestock products,185,Russian Federation,5114,Stocks,1181,Bees,2017,2017,No,3316977.0,A,Official figure,
QCL,Crops and livestock products,185,Russian Federation,5114,Stocks,1181,Bees,2018,2018,No,3182399.0,A,Official figure,
QCL,Crops and livestock products,185,Russian Federation,5114,Stocks,1181,Bees,2019,2019,No,3093859.0,A,Official figure,
QCL,Crops and livestock products,185,Russian Federation,5114,Stocks,1181,Bees,2020,2020,No,2982452.0,A,Official figure,
QCL,Crops and livestock products,185,Russian Federation,5114,Stocks,1181,Bees,2021,2021,No,2889693.0,A,Official figure,
QCL,Crops and livestock products,185,Russian Federation,5114,Stocks,1181,Bees,2022,2022,No,2789983.0,A,Official figure,
QCL,Crops and livestock products,185,Russian Federation,5111,Stocks,946,Buffalo,1992,1992,An,23000.0,A,Official figure,
QCL,Crops and livestock products,185,Russian Federation,5111,Stocks,946,Buffalo,1993,1993,An,22000.0,A,Official figure,
QCL,Crops and livestock products,185,Russian Federation,5111,Stocks,946,Buffalo,1994,1994,An,17900.0,A,Official figure,
QCL,Crops and livestock products,185,Russian Federation,5111,Stocks,946,Buffalo,1995,1995,An,23500.0,A,Official figure,
QCL,Crops and livestock products,185,Russian Federation,5111,Stocks,946,Buffalo,1996,1996,An,23548.0,A,Official figure,
QCL,Crops and livestock products,185,Russian Federation,5111,Stocks,946,Buffalo,1997,1997,An,20840.0,A,Official figure,
QCL,Crops and livestock products,185,Russian Federation,5111,Stocks,946,Buffalo,1998,1998,An,16586.0,A,Official figure,
QCL,Crops and livestock products,185,Russian Federation,5111,Stocks,946,Buffalo,1999,1999,An,16141.0,A,Official figure,
QCL,Crops and livestock products,185,Russian Federation,5111,Stocks,946,Buffalo,2000,2000,An,16500.0,E,Estimated value,
QCL,Crops and livestock products,185,Russian Federation,5111,Stocks,946,Buffalo,2001,2001,An,17370.0,A,Official figure,
QCL,Crops and livestock products,185,Russian Federation,5111,Stocks,946,Buffalo,2002,2002,An,14004.0,A,Official figure,
QCL,Crops and livestock products,185,Russian Federation,5111,Stocks,946,Buffalo,2003,2003,An,15863.0,A,Official figure,
QCL,Crops and livestock products,185,Russian Federation,5111,Stocks,946,Buffalo,2004,2004,An,17943.0,A,Official figure,
QCL,Crops and livestock products,185,Russian Federation,5111,Stocks,946,Buffalo,2005,2005,An,17288.0,A,Official figure,
QCL,Crops and livestock products,185,Russian Federation,5111,Stocks,946,Buffalo,2006,2006,An,14362.0,A,Official figure,
QCL,Crops and livestock products,185,Russian Federation,5111,Stocks,946,Buffalo,2007,2007,An,15654.0,A,Official figure,
QCL,Crops and livestock products,185,Russian Federation,5111,Stocks,946,Buffalo,2008,2008,An,14363.0,A,Official figure,
QCL,Crops and livestock products,185,Russian Federation,5111,Stocks,946,Buffalo,2009,2009,An,12795.0,A,Official figure,
QCL,Crops and livestock products,185,Russian Federation,5111,Stocks,946,Buffalo,2010,2010,An,10540.0,A,Official figure,
QCL,Crops and livestock products,185,Russian Federation,5111,Stocks,946,Buffalo,2011,2011,An,8744.0,A,Official figure,
QCL,Crops and livestock products,185,Russian Federation,5111,Stocks,946,Buffalo,2012,2012,An,6580.0,A,Official figure,
QCL,Crops and livestock products,185,Russian Federation,5111,Stocks,946,Buffalo,2013,2013,An,6002.0,A,Official figure,
QCL,Crops and livestock products,185,Russian Federation,5111,Stocks,946,Buffalo,2014,2014,An,6644.0,A,Official figure,
QCL,Crops and livestock products,185,Russian Federation,5111,Stocks,946,Buffalo,2015,2015,An,6907.0,A,Official figure,
QCL,Crops and livestock products,185,Russian Federation,5111,Stocks,946,Buffalo,2016,2016,An,6271.0,A,Official figure,
QCL,Crops and livestock products,185,Russian Federation,5111,Stocks,946,Buffalo,2017,2017,An,5662.0,A,Official figure,
QCL,Crops and livestock products,185,Russian Federation,5111,Stocks,946,Buffalo,2018,2018,An,5311.0,A,Official figure,
QCL,Crops and livestock products,185,Russian Federation,5111,Stocks,946,Buffalo,2019,2019,An,6335.0,A,Official figure,
QCL,Crops and livestock products,185,Russian Federation,5111,Stocks,946,Buffalo,2020,2020,An,6382.0,A,Official figure,
QCL,Crops and livestock products,185,Russian Federation,5111,Stocks,946,Buffalo,2021,2021,An,5999.0,A,Official figure,
QCL,Crops and livestock products,185,Russian Federation,5111,Stocks,946,Buffalo,2022,2022,An,5903.0,A,Official figure,
QCL,Crops and livestock products,185,Russian Federation,5111,Stocks,1126,Camels,1992,1992,An,10000.0,A,Official figure,
QCL,Crops and livestock products,185,Russian Federation,5111,Stocks,1126,Camels,1993,1993,An,10300.0,A,Official figure,
QCL,Crops and livestock products,185,Russian Federation,5111,Stocks,1126,Camels,1994,1994,An,10400.0,A,Official figure,
QCL,Crops and livestock products,185,Russian Federation,5111,Stocks,1126,Camels,1995,1995,An,10500.0,E,Estimated value,
QCL,Crops and livestock products,185,Russian Federation,5111,Stocks,1126,Camels,1996,1996,An,10800.0,E,Estimated value,
QCL,Crops and livestock products,185,Russian Federation,5111,Stocks,1126,Camels,1997,1997,An,11000.0,E,Estimated value,
QCL,Crops and livestock products,185,Russian Federation,5111,Stocks,1126,Camels,1998,1998,An,11000.0,E,Estimated value,
QCL,Crops and livestock products,185,Russian Federation,5111,Stocks,1126,Camels,1999,1999,An,11000.0,E,Estimated value,
QCL,Crops and livestock products,185,Russian Federation,5111,Stocks,1126,Camels,2000,2000,An,10000.0,E,Estimated value,
QCL,Crops and livestock products,185,Russian Federation,5111,Stocks,1126,Camels,2001,2001,An,5944.0,A,Official figure,
QCL,Crops and livestock products,185,Russian Federation,5111,Stocks,1126,Camels,2002,2002,An,6079.0,A,Official figure,
QCL,Crops and livestock products,185,Russian Federation,5111,Stocks,1126,Camels,2003,2003,An,6339.0,A,Official figure,
QCL,Crops and livestock products,185,Russian Federation,5111,Stocks,1126,Camels,2004,2004,An,6792.0,A,Official figure,
QCL,Crops and livestock products,185,Russian Federation,5111,Stocks,1126,Camels,2005,2005,An,6654.0,A,Official figure,
QCL,Crops and livestock products,185,Russian Federation,5111,Stocks,1126,Camels,2006,2006,An,6289.0,A,Official figure,
QCL,Crops and livestock products,185,Russian Federation,5111,Stocks,1126,Camels,2007,2007,An,6385.0,A,Official figure,
QCL,Crops and livestock products,185,Russian Federation,5111,Stocks,1126,Camels,2008,2008,An,6356.0,A,Official figure,
QCL,Crops and livestock products,185,Russian Federation,5111,Stocks,1126,Camels,2009,2009,An,6222.0,A,Official figure,
QCL,Crops and livestock products,185,Russian Federation,5111,Stocks,1126,Camels,2010,2010,An,6443.0,A,Official figure,
QCL,Crops and livestock products,185,Russian Federation,5111,Stocks,1126,Camels,2011,2011,An,6497.0,A,Official figure,
QCL,Crops and livestock products,185,Russian Federation,5111,Stocks,1126,Camels,2012,2012,An,6692.0,A,Official figure,
QCL,Crops and livestock products,185,Russian Federation,5111,Stocks,1126,Camels,2013,2013,An,6708.0,A,Official figure,
QCL,Crops and livestock products,185,Russian Federation,5111,Stocks,1126,Camels,2014,2014,An,6625.0,A,Official figure,
QCL,Crops and livestock products,185,Russian Federation,5111,Stocks,1126,Camels,2015,2015,An,6602.0,A,Official figure,
QCL,Crops and livestock products,185,Russian Federation,5111,Stocks,1126,Camels,2016,2016,An,6509.0,A,Official figure,
QCL,Crops and livestock products,185,Russian Federation,5111,Stocks,1126,Camels,2017,2017,An,6344.0,A,Official figure,
QCL,Crops and livestock products,185,Russian Federation,5111,Stocks,1126,Camels,2018,2018,An,5729.0,A,Official figure,
QCL,Crops and livestock products,185,Russian Federation,5111,Stocks,1126,Camels,2019,2019,An,5863.0,A,Official figure,
QCL,Crops and livestock products,185,Russian Federation,5111,Stocks,1126,Camels,2020,2020,An,5676.0,A,Official figure,
QCL,Crops and livestock products,185,Russian Federation,5111,Stocks,1126,Camels,2021,2021,An,5687.0,A,Official figure,
QCL,Crops and livestock products,185,Russian Federation,5111,Stocks,1126,Camels,2022,2022,An,5538.0,A,Official figure,
QCL,Crops and livestock products,185,Russian Federation,5111,Stocks,866,Cattle,1992,1992,An,54676704.0,A,Official figure,
QCL,Crops and livestock products,185,Russian Federation,5111,Stocks,866,Cattle,1993,1993,An,52226000.0,A,Official figure,
QCL,Crops and livestock products,185,Russian Federation,5111,Stocks,866,Cattle,1994,1994,An,48914000.0,A,Official figure,
QCL,Crops and livestock products,185,Russian Federation,5111,Stocks,866,Cattle,1995,1995,An,43296500.0,A,Official figure,
QCL,Crops and livestock products,185,Russian Federation,5111,Stocks,866,Cattle,1996,1996,An,39696000.0,A,Official figure,
QCL,Crops and livestock products,185,Russian Federation,5111,Stocks,866,Cattle,1997,1997,An,35102800.0,A,Official figure,
QCL,Crops and livestock products,185,Russian Federation,5111,Stocks,866,Cattle,1998,1998,An,31519900.0,A,Official figure,
QCL,Crops and livestock products,185,Russian Federation,5111,Stocks,866,Cattle,1999,1999,An,28480800.0,A,Official figure,
QCL,Crops and livestock products,185,Russian Federation,5111,Stocks,866,Cattle,2000,2000,An,28060323.0,A,Official figure,
QCL,Crops and livestock products,185,Russian Federation,5111,Stocks,866,Cattle,2001,2001,An,27519840.0,A,Official figure,
QCL,Crops and livestock products,185,Russian Federation,5111,Stocks,866,Cattle,2002,2002,An,27390195.0,A,Official figure,
QCL,Crops and livestock products,185,Russian Federation,5111,Stocks,866,Cattle,2003,2003,An,26846084.0,A,Official figure,
QCL,Crops and livestock products,185,Russian Federation,5111,Stocks,866,Cattle,2004,2004,An,25091098.0,A,Official figure,
QCL,Crops and livestock products,185,Russian Federation,5111,Stocks,866,Cattle,2005,2005,An,23153790.0,A,Official figure,
QCL,Crops and livestock products,185,Russian Federation,5111,Stocks,866,Cattle,2006,2006,An,21625028.0,A,Official figure,
QCL,Crops and livestock products,185,Russian Federation,5111,Stocks,866,Cattle,2007,2007,An,21561609.0,A,Official figure,
QCL,Crops and livestock products,185,Russian Federation,5111,Stocks,866,Cattle,2008,2008,An,21546025.0,A,Official figure,
QCL,Crops and livestock products,185,Russian Federation,5111,Stocks,866,Cattle,2009,2009,An,21038029.0,A,Official figure,
QCL,Crops and livestock products,185,Russian Federation,5111,Stocks,866,Cattle,2010,2010,An,20671328.0,A,Official figure,
QCL,Crops and livestock products,185,Russian Federation,5111,Stocks,866,Cattle,2011,2011,An,19967864.0,A,Official figure,
QCL,Crops and livestock products,185,Russian Federation,5111,Stocks,866,Cattle,2012,2012,An,20111029.0,A,Official figure,
QCL,Crops and livestock products,185,Russian Federation,5111,Stocks,866,Cattle,2013,2013,An,19930354.0,A,Official figure,
QCL,Crops and livestock products,185,Russian Federation,5111,Stocks,866,Cattle,2014,2014,An,19563964.0,A,Official figure,
QCL,Crops and livestock products,185,Russian Federation,5111,Stocks,866,Cattle,2015,2015,An,19263687.0,A,Official figure,
QCL,Crops and livestock products,185,Russian Federation,5111,Stocks,866,Cattle,2016,2016,An,18620932.0,A,Official figure,
QCL,Crops and livestock products,185,Russian Federation,5111,Stocks,866,Cattle,2017,2017,An,18346089.0,A,Official figure,
QCL,Crops and livestock products,185,Russian Federation,5111,Stocks,866,Cattle,2018,2018,An,18294228.0,A,Official figure,
QCL,Crops and livestock products,185,Russian Federation,5111,Stocks,866,Cattle,2019,2019,An,18151394.0,A,Official figure,
QCL,Crops and livestock products,185,Russian Federation,5111,Stocks,866,Cattle,2020,2020,An,18126003.0,A,Official figure,
QCL,Crops and livestock products,185,Russian Federation,5111,Stocks,866,Cattle,2021,2021,An,18027172.0,A,Official figure,
QCL,Crops and livestock products,185,Russian Federation,5111,Stocks,866,Cattle,2022,2022,An,17649619.0,A,Official figure,
QCL,Crops and livestock products,185,Russian Federation,5112,Stocks,1057,Chickens,1992,1992,1000 An,630152.0,A,Official figure,
QCL,Crops and livestock products,185,Russian Federation,5112,Stocks,1057,Chickens,1993,1993,1000 An,630152.0,A,Official figure,
QCL,Crops and livestock products,185,Russian Federation,5112,Stocks,1057,Chickens,1994,1994,1000 An,548134.0,A,Official figure,
QCL,Crops and livestock products,185,Russian Federation,5112,Stocks,1057,Chickens,1995,1995,1000 An,483058.0,A,Official figure,
QCL,Crops and livestock products,185,Russian Federation,5112,Stocks,1057,Chickens,1996,1996,1000 An,415458.0,A,Official figure,
QCL,Crops and livestock products,185,Russian Federation,5112,Stocks,1057,Chickens,1997,1997,1000 An,366481.0,A,Official figure,
QCL,Crops and livestock products,185,Russian Federation,5112,Stocks,1057,Chickens,1998,1998,1000 An,354702.0,A,Official figure,
QCL,Crops and livestock products,185,Russian Federation,5112,Stocks,1057,Chickens,1999,1999,1000 An,350168.0,A,Official figure,
QCL,Crops and livestock products,185,Russian Federation,5112,Stocks,1057,Chickens,2000,2000,1000 An,340334.0,A,Official figure,
QCL,Crops and livestock products,185,Russian Federation,5112,Stocks,1057,Chickens,2001,2001,1000 An,330427.0,A,Official figure,
QCL,Crops and livestock products,185,Russian Federation,5112,Stocks,1057,Chickens,2002,2002,1000 An,335356.0,A,Official figure,
QCL,Crops and livestock products,185,Russian Federation,5112,Stocks,1057,Chickens,2003,2003,1000 An,337027.0,A,Official figure,
QCL,Crops and livestock products,185,Russian Federation,5112,Stocks,1057,Chickens,2004,2004,1000 An,332662.0,A,Official figure,
QCL,Crops and livestock products,185,Russian Federation,5112,Stocks,1057,Chickens,2005,2005,1000 An,332954.0,A,Official figure,
QCL,Crops and livestock products,185,Russian Federation,5112,Stocks,1057,Chickens,2006,2006,1000 An,347900.0,A,Official figure,
QCL,Crops and livestock products,185,Russian Federation,5112,Stocks,1057,Chickens,2007,2007,1000 An,340834.0,A,Official figure,
QCL,Crops and livestock products,185,Russian Federation,5112,Stocks,1057,Chickens,2008,2008,1000 An,351058.0,A,Official figure,
QCL,Crops and livestock products,185,Russian Federation,5112,Stocks,1057,Chickens,2009,2009,1000 An,366282.0,A,Official figure,
QCL,Crops and livestock products,185,Russian Federation,5112,Stocks,1057,Chickens,2010,2010,1000 An,390534.0,A,Official figure,
QCL,Crops and livestock products,185,Russian Federation,5112,Stocks,1057,Chickens,2011,2011,1000 An,406007.0,A,Official figure,
QCL,Crops and livestock products,185,Russian Federation,5112,Stocks,1057,Chickens,2012,2012,1000 An,427777.0,A,Official figure,
QCL,Crops and livestock products,185,Russian Federation,5112,Stocks,1057,Chickens,2013,2013,1000 An,446789.0,A,Official figure,
QCL,Crops and livestock products,185,Russian Federation,5112,Stocks,1057,Chickens,2014,2014,1000 An,448371.0,A,Official figure,
QCL,Crops and livestock products,185,Russian Federation,5112,Stocks,1057,Chickens,2015,2015,1000 An,475242.0,A,Official figure,
QCL,Crops and livestock products,185,Russian Federation,5112,Stocks,1057,Chickens,2016,2016,1000 An,497978.0,A,Official figure,
QCL,Crops and livestock products,185,Russian Federation,5112,Stocks,1057,Chickens,2017,2017,1000 An,505768.0,A,Official figure,
QCL,Crops and livestock products,185,Russian Federation,5112,Stocks,1057,Chickens,2018,2018,1000 An,507050.0,A,Official figure,
QCL,Crops and livestock products,185,Russian Federation,5112,Stocks,1057,Chickens,2019,2019,1000 An,497395.0,A,Official figure,
QCL,Crops and livestock products,185,Russian Federation,5112,Stocks,1057,Chickens,2020,2020,1000 An,496964.0,A,Official figure,
QCL,Crops and livestock products,185,Russian Federation,5112,Stocks,1057,Chickens,2021,2021,1000 An,472674.0,A,Official figure,
QCL,Crops and livestock products,185,Russian Federation,5112,Stocks,1057,Chickens,2022,2022,1000 An,488236.0,A,Official figure,
QCL,Crops and livestock products,185,Russian Federation,5112,Stocks,1068,Ducks,1992,1992,1000 An,2600.0,X,Figure from international organizations,Unofficial figure
QCL,Crops and livestock products,185,Russian Federation,5112,Stocks,1068,Ducks,1993,1993,1000 An,2280.0,X,Figure from international organizations,Unofficial figure
QCL,Crops and livestock products,185,Russian Federation,5112,Stocks,1068,Ducks,1994,1994,1000 An,2100.0,X,Figure from international organizations,Unofficial figure
QCL,Crops and livestock products,185,Russian Federation,5112,Stocks,1068,Ducks,1995,1995,1000 An,1100.0,X,Figure from international organizations,Unofficial figure
QCL,Crops and livestock products,185,Russian Federation,5112,Stocks,1068,Ducks,1996,1996,1000 An,1000.0,X,Figure from international organizations,Unofficial figure
QCL,Crops and livestock products,185,Russian Federation,5112,Stocks,1068,Ducks,1997,1997,1000 An,1800.0,X,Figure from international organizations,Unofficial figure
QCL,Crops and livestock products,185,Russian Federation,5112,Stocks,1068,Ducks,1998,1998,1000 An,2600.0,X,Figure from international organizations,Unofficial figure
QCL,Crops and livestock products,185,Russian Federation,5112,Stocks,1068,Ducks,1999,1999,1000 An,3400.0,X,Figure from international organizations,Unofficial figure
QCL,Crops and livestock products,185,Russian Federation,5112,Stocks,1068,Ducks,2000,2000,1000 An,4200.0,X,Figure from international organizations,Unofficial figure
QCL,Crops and livestock products,185,Russian Federation,5112,Stocks,1068,Ducks,2001,2001,1000 An,4000.0,X,Figure from international organizations,Unofficial figure
QCL,Crops and livestock products,185,Russian Federation,5112,Stocks,1068,Ducks,2002,2002,1000 An,4900.0,X,Figure from international organizations,Unofficial figure
QCL,Crops and livestock products,185,Russian Federation,5112,Stocks,1068,Ducks,2003,2003,1000 An,8200.0,E,Estimated value,
QCL,Crops and livestock products,185,Russian Federation,5112,Stocks,1068,Ducks,2004,2004,1000 An,11500.0,E,Estimated value,
QCL,Crops and livestock products,185,Russian Federation,5112,Stocks,1068,Ducks,2005,2005,1000 An,14800.0,E,Estimated value,
QCL,Crops and livestock products,185,Russian Federation,5112,Stocks,1068,Ducks,2006,2006,1000 An,18100.0,E,Estimated value,
QCL,Crops and livestock products,185,Russian Federation,5112,Stocks,1068,Ducks,2007,2007,1000 An,20944.0,A,Official figure,
QCL,Crops and livestock products,185,Russian Federation,5112,Stocks,1068,Ducks,2008,2008,1000 An,21914.0,A,Official figure,
QCL,Crops and livestock products,185,Russian Federation,5112,Stocks,1068,Ducks,2009,2009,1000 An,22720.0,A,Official figure,
QCL,Crops and livestock products,185,Russian Federation,5112,Stocks,1068,Ducks,2010,2010,1000 An,24491.0,A,Official figure,
QCL,Crops and livestock products,185,Russian Federation,5112,Stocks,1068,Ducks,2011,2011,1000 An,25040.0,A,Official figure,
QCL,Crops and livestock products,185,Russian Federation,5112,Stocks,1068,Ducks,2012,2012,1000 An,26317.0,A,Official figure,
QCL,Crops and livestock products,185,Russian Federation,5112,Stocks,1068,Ducks,2013,2013,1000 An,27770.0,A,Official figure,
QCL,Crops and livestock products,185,Russian Federation,5112,Stocks,1068,Ducks,2014,2014,1000 An,27650.0,A,Official figure,
QCL,Crops and livestock products,185,Russian Federation,5112,Stocks,1068,Ducks,2015,2015,1000 An,29610.0,A,Official figure,
QCL,Crops and livestock products,185,Russian Federation,5112,Stocks,1068,Ducks,2016,2016,1000 An,21317.0,A,Official figure,
QCL,Crops and livestock products,185,Russian Federation,5112,Stocks,1068,Ducks,2017,2017,1000 An,21474.0,A,Official figure,
QCL,Crops and livestock products,185,Russian Federation,5112,Stocks,1068,Ducks,2018,2018,1000 An,21863.0,A,Official figure,
QCL,Crops and livestock products,185,Russian Federation,5112,Stocks,1068,Ducks,2019,2019,1000 An,21149.0,A,Official figure,
QCL,Crops and livestock products,185,Russian Federation,5112,Stocks,1068,Ducks,2020,2020,1000 An,21422.0,A,Official figure,
QCL,Crops and livestock products,185,Russian Federation,5112,Stocks,1068,Ducks,2021,2021,1000 An,20510.0,A,Official figure,
QCL,Crops and livestock products,185,Russian Federation,5112,Stocks,1068,Ducks,2022,2022,1000 An,21359.0,A,Official figure,
QCL,Crops and livestock products,185,Russian Federation,5112,Stocks,1072,Geese,1992,1992,1000 An,5900.0,X,Figure from international organizations,Unofficial figure
QCL,Crops and livestock products,185,Russian Federation,5112,Stocks,1072,Geese,1993,1993,1000 An,5220.0,X,Figure from international organizations,Unofficial figure
QCL,Crops and livestock products,185,Russian Federation,5112,Stocks,1072,Geese,1994,1994,1000 An,5400.0,X,Figure from international organizations,Unofficial figure
QCL,Crops and livestock products,185,Russian Federation,5112,Stocks,1072,Geese,1995,1995,1000 An,4400.0,X,Figure from international organizations,Unofficial figure
QCL,Crops and livestock products,185,Russian Federation,5112,Stocks,1072,Geese,1996,1996,1000 An,4000.0,X,Figure from international organizations,Unofficial figure
QCL,Crops and livestock products,185,Russian Federation,5112,Stocks,1072,Geese,1997,1997,1000 An,3500.0,X,Figure from international organizations,Unofficial figure
QCL,Crops and livestock products,185,Russian Federation,5112,Stocks,1072,Geese,1998,1998,1000 An,3491.0,I,Imputed value,
QCL,Crops and livestock products,185,Russian Federation,5112,Stocks,1072,Geese,1999,1999,1000 An,3525.0,I,Imputed value,
QCL,Crops and livestock products,185,Russian Federation,5112,Stocks,1072,Geese,2000,2000,1000 An,3597.0,I,Imputed value,
QCL,Crops and livestock products,185,Russian Federation,5112,Stocks,1072,Geese,2001,2001,1000 An,3643.0,I,Imputed value,
QCL,Crops and livestock products,185,Russian Federation,5112,Stocks,1072,Geese,2002,2002,1000 An,6803.0,I,Imputed value,
QCL,Crops and livestock products,185,Russian Federation,5112,Stocks,1072,Geese,2003,2003,1000 An,7971.0,I,Imputed value,
QCL,Crops and livestock products,185,Russian Federation,5112,Stocks,1072,Geese,2004,2004,1000 An,8639.0,I,Imputed value,
QCL,Crops and livestock products,185,Russian Federation,5112,Stocks,1072,Geese,2005,2005,1000 An,9257.0,I,Imputed value,
QCL,Crops and livestock products,185,Russian Federation,5112,Stocks,1072,Geese,2006,2006,1000 An,9861.0,I,Imputed value,
QCL,Crops and livestock products,185,Russian Federation,5112,Stocks,1072,Geese,2007,2007,1000 An,10472.0,A,Official figure,
QCL,Crops and livestock products,185,Russian Federation,5112,Stocks,1072,Geese,2008,2008,1000 An,10957.0,A,Official figure,
QCL,Crops and livestock products,185,Russian Federation,5112,Stocks,1072,Geese,2009,2009,1000 An,11360.0,A,Official figure,
QCL,Crops and livestock products,185,Russian Federation,5112,Stocks,1072,Geese,2010,2010,1000 An,12245.0,A,Official figure,
QCL,Crops and livestock products,185,Russian Federation,5112,Stocks,1072,Geese,2011,2011,1000 An,12580.0,A,Official figure,
QCL,Crops and livestock products,185,Russian Federation,5112,Stocks,1072,Geese,2012,2012,1000 An,13159.0,A,Official figure,
QCL,Crops and livestock products,185,Russian Federation,5112,Stocks,1072,Geese,2013,2013,1000 An,13885.0,A,Official figure,
QCL,Crops and livestock products,185,Russian Federation,5112,Stocks,1072,Geese,2014,2014,1000 An,13825.0,A,Official figure,
QCL,Crops and livestock products,185,Russian Federation,5112,Stocks,1072,Geese,2015,2015,1000 An,14805.0,A,Official figure,
QCL,Crops and livestock products,185,Russian Federation,5112,Stocks,1072,Geese,2016,2016,1000 An,3603.0,A,Official figure,
QCL,Crops and livestock products,185,Russian Federation,5112,Stocks,1072,Geese,2017,2017,1000 An,3629.0,A,Official figure,
QCL,Crops and livestock products,185,Russian Federation,5112,Stocks,1072,Geese,2018,2018,1000 An,3695.0,A,Official figure,
QCL,Crops and livestock products,185,Russian Federation,5112,Stocks,1072,Geese,2019,2019,1000 An,3574.0,A,Official figure,
QCL,Crops and livestock products,185,Russian Federation,5112,Stocks,1072,Geese,2020,2020,1000 An,3620.0,A,Official figure,
QCL,Crops and livestock products,185,Russian Federation,5112,Stocks,1072,Geese,2021,2021,1000 An,3466.0,A,Official figure,
QCL,Crops and livestock products,185,Russian Federation,5112,Stocks,1072,Geese,2022,2022,1000 An,3610.0,A,Official figure,
QCL,Crops and livestock products,185,Russian Federation,5111,Stocks,1016,Goats,1992,1992,An,3060200.0,A,Official figure,
QCL,Crops and livestock products,185,Russian Federation,5111,Stocks,1016,Goats,1993,1993,An,3185900.0,A,Official figure,
QCL,Crops and livestock products,185,Russian Federation,5111,Stocks,1016,Goats,1994,1994,An,3096500.0,A,Official figure,
QCL,Crops and livestock products,185,Russian Federation,5111,Stocks,1016,Goats,1995,1995,An,2773100.0,A,Official figure,
QCL,Crops and livestock products,185,Russian Federation,5111,Stocks,1016,Goats,1996,1996,An,2682000.0,A,Official figure,
QCL,Crops and livestock products,185,Russian Federation,5111,Stocks,1016,Goats,1997,1997,An,2445400.0,A,Official figure,
QCL,Crops and livestock products,185,Russian Federation,5111,Stocks,1016,Goats,1998,1998,An,2291300.0,A,Official figure,
QCL,Crops and livestock products,185,Russian Federation,5111,Stocks,1016,Goats,1999,1999,An,2143900.0,A,Official figure,
QCL,Crops and livestock products,185,Russian Federation,5111,Stocks,1016,Goats,2000,2000,An,2154053.0,A,Official figure,
QCL,Crops and livestock products,185,Russian Federation,5111,Stocks,1016,Goats,2001,2001,An,2231398.0,A,Official figure,
QCL,Crops and livestock products,185,Russian Federation,5111,Stocks,1016,Goats,2002,2002,An,2319364.0,A,Official figure,
QCL,Crops and livestock products,185,Russian Federation,5111,Stocks,1016,Goats,2003,2003,An,2357997.0,A,Official figure,
QCL,Crops and livestock products,185,Russian Federation,5111,Stocks,1016,Goats,2004,2004,An,2385516.0,A,Official figure,
QCL,Crops and livestock products,185,Russian Federation,5111,Stocks,1016,Goats,2005,2005,An,2302999.0,A,Official figure,
QCL,Crops and livestock products,185,Russian Federation,5111,Stocks,1016,Goats,2006,2006,An,2163694.0,A,Official figure,
QCL,Crops and livestock products,185,Russian Federation,5111,Stocks,1016,Goats,2007,2007,An,2196570.0,A,Official figure,
QCL,Crops and livestock products,185,Russian Federation,5111,Stocks,1016,Goats,2008,2008,An,2212868.0,A,Official figure,
QCL,Crops and livestock products,185,Russian Federation,5111,Stocks,1016,Goats,2009,2009,An,2167944.0,A,Official figure,
QCL,Crops and livestock products,185,Russian Federation,5111,Stocks,1016,Goats,2010,2010,An,2136651.0,A,Official figure,
QCL,Crops and livestock products,185,Russian Federation,5111,Stocks,1016,Goats,2011,2011,An,2058542.0,A,Official figure,
QCL,Crops and livestock products,185,Russian Federation,5111,Stocks,1016,Goats,2012,2012,An,2091150.0,A,Official figure,
QCL,Crops and livestock products,185,Russian Federation,5111,Stocks,1016,Goats,2013,2013,An,2118697.0,A,Official figure,
QCL,Crops and livestock products,185,Russian Federation,5111,Stocks,1016,Goats,2014,2014,An,2090609.0,A,Official figure,
QCL,Crops and livestock products,185,Russian Federation,5111,Stocks,1016,Goats,2015,2015,An,2104459.0,A,Official figure,
QCL,Crops and livestock products,185,Russian Federation,5111,Stocks,1016,Goats,2016,2016,An,2163450.0,A,Official figure,
QCL,Crops and livestock products,185,Russian Federation,5111,Stocks,1016,Goats,2017,2017,An,2054454.0,A,Official figure,
QCL,Crops and livestock products,185,Russian Federation,5111,Stocks,1016,Goats,2018,2018,An,2041790.0,A,Official figure,
QCL,Crops and livestock products,185,Russian Federation,5111,Stocks,1016,Goats,2019,2019,An,1992896.0,A,Official figure,
QCL,Crops and livestock products,185,Russian Federation,5111,Stocks,1016,Goats,2020,2020,An,1962609.0,A,Official figure,
QCL,Crops and livestock products,185,Russian Federation,5111,Stocks,1016,Goats,2021,2021,An,1874524.0,A,Official figure,
QCL,Crops and livestock products,185,Russian Federation,5111,Stocks,1016,Goats,2022,2022,An,1811125.0,A,Official figure,
QCL,Crops and livestock products,185,Russian Federation,5111,Stocks,1096,Horses,1992,1992,An,2590000.0,A,Official figure,
QCL,Crops and livestock products,185,Russian Federation,5111,Stocks,1096,Horses,1993,1993,An,2556000.0,A,Official figure,
QCL,Crops and livestock products,185,Russian Federation,5111,Stocks,1096,Horses,1994,1994,An,2490100.0,A,Official figure,
QCL,Crops and livestock products,185,Russian Federation,5111,Stocks,1096,Horses,1995,1995,An,2431100.0,A,Official figure,
QCL,Crops and livestock products,185,Russian Federation,5111,Stocks,1096,Horses,1996,1996,An,2363000.0,A,Official figure,
QCL,Crops and livestock products,185,Russian Federation,5111,Stocks,1096,Horses,1997,1997,An,2197200.0,A,Official figure,
QCL,Crops and livestock products,185,Russian Federation,5111,Stocks,1096,Horses,1998,1998,An,2013400.0,A,Official figure,
QCL,Crops and livestock products,185,Russian Federation,5111,Stocks,1096,Horses,1999,1999,An,1800200.0,A,Official figure,
QCL,Crops and livestock products,185,Russian Federation,5111,Stocks,1096,Horses,2000,2000,An,1682039.0,A,Official figure,
QCL,Crops and livestock products,185,Russian Federation,5111,Stocks,1096,Horses,2001,2001,An,1622243.0,A,Official figure,
QCL,Crops and livestock products,185,Russian Federation,5111,Stocks,1096,Horses,2002,2002,An,1581679.0,A,Official figure,
QCL,Crops and livestock products,185,Russian Federation,5111,Stocks,1096,Horses,2003,2003,An,1540887.0,A,Official figure,
QCL,Crops and livestock products,185,Russian Federation,5111,Stocks,1096,Horses,2004,2004,An,1497281.0,A,Official figure,
QCL,Crops and livestock products,185,Russian Federation,5111,Stocks,1096,Horses,2005,2005,An,1407697.0,A,Official figure,
QCL,Crops and livestock products,185,Russian Federation,5111,Stocks,1096,Horses,2006,2006,An,1316606.0,A,Official figure,
QCL,Crops and livestock products,185,Russian Federation,5111,Stocks,1096,Horses,2007,2007,An,1300575.0,A,Official figure,
QCL,Crops and livestock products,185,Russian Federation,5111,Stocks,1096,Horses,2008,2008,An,1321344.0,A,Official figure,
QCL,Crops and livestock products,185,Russian Federation,5111,Stocks,1096,Horses,2009,2009,An,1353177.0,A,Official figure,
QCL,Crops and livestock products,185,Russian Federation,5111,Stocks,1096,Horses,2010,2010,An,1374991.0,A,Official figure,
QCL,Crops and livestock products,185,Russian Federation,5111,Stocks,1096,Horses,2011,2011,An,1340601.0,A,Official figure,
QCL,Crops and livestock products,185,Russian Federation,5111,Stocks,1096,Horses,2012,2012,An,1362133.0,A,Official figure,
QCL,Crops and livestock products,185,Russian Federation,5111,Stocks,1096,Horses,2013,2013,An,1378471.0,A,Official figure,
QCL,Crops and livestock products,185,Russian Federation,5111,Stocks,1096,Horses,2014,2014,An,1374847.0,A,Official figure,
QCL,Crops and livestock products,185,Russian Federation,5111,Stocks,1096,Horses,2015,2015,An,1373260.0,A,Official figure,
QCL,Crops and livestock products,185,Russian Federation,5111,Stocks,1096,Horses,2016,2016,An,1240589.0,A,Official figure,
QCL,Crops and livestock products,185,Russian Federation,5111,Stocks,1096,Horses,2017,2017,An,1216414.0,A,Official figure,
QCL,Crops and livestock products,185,Russian Federation,5111,Stocks,1096,Horses,2018,2018,An,1238587.0,A,Official figure,
QCL,Crops and livestock products,185,Russian Federation,5111,Stocks,1096,Horses,2019,2019,An,1282964.0,A,Official figure,
QCL,Crops and livestock products,185,Russian Federation,5111,Stocks,1096,Horses,2020,2020,An,1310885.0,A,Official figure,
QCL,Crops and livestock products,185,Russian Federation,5111,Stocks,1096,Horses,2021,2021,An,1302916.0,A,Official figure,
QCL,Crops and livestock products,185,Russian Federation,5111,Stocks,1096,Horses,2022,2022,An,1298630.0,A,Official figure,
QCL,Crops and livestock products,185,Russian Federation,5111,Stocks,1110,Mules and hinnies,1992,1992,An,100.0,A,Official figure,
QCL,Crops and livestock products,185,Russian Federation,5111,Stocks,1110,Mules and hinnies,1993,1993,An,100.0,A,Official figure,
QCL,Crops and livestock products,185,Russian Federation,5111,Stocks,1110,Mules and hinnies,1994,1994,An,100.0,A,Official figure,
QCL,Crops and livestock products,185,Russian Federation,5111,Stocks,1110,Mules and hinnies,1995,1995,An,100.0,E,Estimated value,
QCL,Crops and livestock products,185,Russian Federation,5111,Stocks,1110,Mules and hinnies,1996,1996,An,100.0,E,Estimated value,
QCL,Crops and livestock products,185,Russian Federation,5111,Stocks,1110,Mules and hinnies,1997,1997,An,100.0,E,Estimated value,
QCL,Crops and livestock products,185,Russian Federation,5111,Stocks,1110,Mules and hinnies,1998,1998,An,95.0,E,Estimated value,
QCL,Crops and livestock products,185,Russian Federation,5111,Stocks,1110,Mules and hinnies,1999,1999,An,90.0,E,Estimated value,
QCL,Crops and livestock products,185,Russian Federation,5111,Stocks,1110,Mules and hinnies,2000,2000,An,80.0,E,Estimated value,
QCL,Crops and livestock products,185,Russian Federation,5111,Stocks,1110,Mules and hinnies,2001,2001,An,211.0,A,Official figure,
QCL,Crops and livestock products,185,Russian Federation,5111,Stocks,1110,Mules and hinnies,2002,2002,An,213.0,A,Official figure,
QCL,Crops and livestock products,185,Russian Federation,5111,Stocks,1110,Mules and hinnies,2003,2003,An,193.0,A,Official figure,
QCL,Crops and livestock products,185,Russian Federation,5111,Stocks,1110,Mules and hinnies,2004,2004,An,222.0,A,Official figure,
QCL,Crops and livestock products,185,Russian Federation,5111,Stocks,1110,Mules and hinnies,2005,2005,An,215.0,A,Official figure,
QCL,Crops and livestock products,185,Russian Federation,5111,Stocks,1110,Mules and hinnies,2006,2006,An,203.0,A,Official figure,
QCL,Crops and livestock products,185,Russian Federation,5111,Stocks,1110,Mules and hinnies,2007,2007,An,202.0,A,Official figure,
QCL,Crops and livestock products,185,Russian Federation,5111,Stocks,1110,Mules and hinnies,2008,2008,An,133.0,A,Official figure,
QCL,Crops and livestock products,185,Russian Federation,5111,Stocks,1110,Mules and hinnies,2009,2009,An,144.0,A,Official figure,
QCL,Crops and livestock products,185,Russian Federation,5111,Stocks,1110,Mules and hinnies,2010,2010,An,151.0,A,Official figure,
QCL,Crops and livestock products,185,Russian Federation,5111,Stocks,1110,Mules and hinnies,2011,2011,An,169.0,A,Official figure,
QCL,Crops and livestock products,185,Russian Federation,5111,Stocks,1110,Mules and hinnies,2012,2012,An,164.0,A,Official figure,
QCL,Crops and livestock products,185,Russian Federation,5111,Stocks,1110,Mules and hinnies,2013,2013,An,224.0,A,Official figure,
QCL,Crops and livestock products,185,Russian Federation,5111,Stocks,1110,Mules and hinnies,2014,2014,An,208.0,A,Official figure,
QCL,Crops and livestock products,185,Russian Federation,5111,Stocks,1110,Mules and hinnies,2015,2015,An,208.0,A,Official figure,
QCL,Crops and livestock products,185,Russian Federation,5111,Stocks,1110,Mules and hinnies,2016,2016,An,194.0,A,Official figure,
QCL,Crops and livestock products,185,Russian Federation,5111,Stocks,1110,Mules and hinnies,2017,2017,An,154.0,A,Official figure,
QCL,Crops and livestock products,185,Russian Federation,5111,Stocks,1110,Mules and hinnies,2018,2018,An,161.0,A,Official figure,
QCL,Crops and livestock products,185,Russian Federation,5111,Stocks,1110,Mules and hinnies,2019,2019,An,159.0,A,Official figure,
QCL,Crops and livestock products,185,Russian Federation,5111,Stocks,1110,Mules and hinnies,2020,2020,An,157.0,A,Official figure,
QCL,Crops and livestock products,185,Russian Federation,5111,Stocks,1110,Mules and hinnies,2021,2021,An,139.0,A,Official figure,
QCL,Crops and livestock products,185,Russian Federation,5111,Stocks,1110,Mules and hinnies,2022,2022,An,152.0,A,Official figure,
QCL,Crops and livestock products,185,Russian Federation,5112,Stocks,1140,Rabbits and hares,1992,1992,1000 An,3366.0,A,Official figure,
QCL,Crops and livestock products,185,Russian Federation,5112,Stocks,1140,Rabbits and hares,1993,1993,1000 An,3298.0,A,Official figure,
QCL,Crops and livestock products,185,Russian Federation,5112,Stocks,1140,Rabbits and hares,1994,1994,1000 An,2988.0,A,Official figure,
QCL,Crops and livestock products,185,Russian Federation,5112,Stocks,1140,Rabbits and hares,1995,1995,1000 An,2471.0,A,Official figure,
QCL,Crops and livestock products,185,Russian Federation,5112,Stocks,1140,Rabbits and hares,1996,1996,1000 An,1579.0,A,Official figure,
QCL,Crops and livestock products,185,Russian Federation,5112,Stocks,1140,Rabbits and hares,1997,1997,1000 An,1353.0,A,Official figure,
QCL,Crops and livestock products,185,Russian Federation,5112,Stocks,1140,Rabbits and hares,1998,1998,1000 An,1201.0,A,Official figure,
QCL,Crops and livestock products,185,Russian Federation,5112,Stocks,1140,Rabbits and hares,1999,1999,1000 An,1150.0,A,Official figure,
QCL,Crops and livestock products,185,Russian Federation,5112,Stocks,1140,Rabbits and hares,2000,2000,1000 An,1210.0,A,Official figure,
QCL,Crops and livestock products,185,Russian Federation,5112,Stocks,1140,Rabbits and hares,2001,2001,1000 An,1277.0,A,Official figure,
QCL,Crops and livestock products,185,Russian Federation,5112,Stocks,1140,Rabbits and hares,2002,2002,1000 An,1696.0,A,Official figure,
QCL,Crops and livestock products,185,Russian Federation,5112,Stocks,1140,Rabbits and hares,2003,2003,1000 An,1856.0,A,Official figure,
QCL,Crops and livestock products,185,Russian Federation,5112,Stocks,1140,Rabbits and hares,2004,2004,1000 An,1714.0,A,Official figure,
QCL,Crops and livestock products,185,Russian Federation,5112,Stocks,1140,Rabbits and hares,2005,2005,1000 An,1565.0,A,Official figure,
QCL,Crops and livestock products,185,Russian Federation,5112,Stocks,1140,Rabbits and hares,2006,2006,1000 An,1585.0,A,Official figure,
QCL,Crops and livestock products,185,Russian Federation,5112,Stocks,1140,Rabbits and hares,2007,2007,1000 An,1900.0,A,Official figure,
QCL,Crops and livestock products,185,Russian Federation,5112,Stocks,1140,Rabbits and hares,2008,2008,1000 An,1988.0,A,Official figure,
QCL,Crops and livestock products,185,Russian Federation,5112,Stocks,1140,Rabbits and hares,2009,2009,1000 An,2092.0,A,Official figure,
QCL,Crops and livestock products,185,Russian Federation,5112,Stocks,1140,Rabbits and hares,2010,2010,1000 An,2408.0,A,Official figure,
QCL,Crops and livestock products,185,Russian Federation,5112,Stocks,1140,Rabbits and hares,2011,2011,1000 An,2653.0,A,Official figure,
QCL,Crops and livestock products,185,Russian Federation,5112,Stocks,1140,Rabbits and hares,2012,2012,1000 An,2847.0,A,Official figure,
QCL,Crops and livestock products,185,Russian Federation,5112,Stocks,1140,Rabbits and hares,2013,2013,1000 An,2990.0,A,Official figure,
QCL,Crops and livestock products,185,Russian Federation,5112,Stocks,1140,Rabbits and hares,2014,2014,1000 An,3020.0,A,Official figure,
QCL,Crops and livestock products,185,Russian Federation,5112,Stocks,1140,Rabbits and hares,2015,2015,1000 An,3503.0,A,Official figure,
QCL,Crops and livestock products,185,Russian Federation,5112,Stocks,1140,Rabbits and hares,2016,2016,1000 An,3750.0,A,Official figure,
QCL,Crops and livestock products,185,Russian Federation,5112,Stocks,1140,Rabbits and hares,2017,2017,1000 An,3626.0,A,Official figure,
QCL,Crops and livestock products,185,Russian Federation,5112,Stocks,1140,Rabbits and hares,2018,2018,1000 An,3745.0,A,Official figure,
QCL,Crops and livestock products,185,Russian Federation,5112,Stocks,1140,Rabbits and hares,2019,2019,1000 An,3562.0,A,Official figure,
QCL,Crops and livestock products,185,Russian Federation,5112,Stocks,1140,Rabbits and hares,2020,2020,1000 An,3588.0,A,Official figure,
QCL,Crops and livestock products,185,Russian Federation,5112,Stocks,1140,Rabbits and hares,2021,2021,1000 An,3445.0,A,Official figure,
QCL,Crops and livestock products,185,Russian Federation,5112,Stocks,1140,Rabbits and hares,2022,2022,1000 An,3430.0,A,Official figure,
QCL,Crops and livestock products,185,Russian Federation,5318,Milk Animals,1130,Raw milk of camel,1992,1992,An,0.0,M,"Missing value (data cannot exist, not applicable)",
QCL,Crops and livestock products,185,Russian Federation,5318,Milk Animals,1130,Raw milk of camel,1993,1993,An,0.0,M,"Missing value (data cannot exist, not applicable)",
QCL,Crops and livestock products,185,Russian Federation,5318,Milk Animals,1130,Raw milk of camel,1994,1994,An,0.0,M,"Missing value (data cannot exist, not applicable)",
QCL,Crops and livestock products,185,Russian Federation,5318,Milk Animals,1130,Raw milk of camel,1995,1995,An,0.0,M,"Missing value (data cannot exist, not applicable)",
QCL,Crops and livestock products,185,Russian Federation,5318,Milk Animals,1130,Raw milk of camel,1996,1996,An,0.0,M,"Missing value (data cannot exist, not applicable)",
QCL,Crops and livestock products,185,Russian Federation,5318,Milk Animals,1130,Raw milk of camel,1997,1997,An,0.0,M,"Missing value (data cannot exist, not applicable)",
QCL,Crops and livestock products,185,Russian Federation,5318,Milk Animals,1130,Raw milk of camel,1998,1998,An,0.0,M,"Missing value (data cannot exist, not applicable)",
QCL,Crops and livestock products,185,Russian Federation,5318,Milk Animals,1130,Raw milk of camel,1999,1999,An,0.0,M,"Missing value (data cannot exist, not applicable)",
QCL,Crops and livestock products,185,Russian Federation,5318,Milk Animals,1130,Raw milk of camel,2000,2000,An,0.0,M,"Missing value (data cannot exist, not applicable)",
QCL,Crops and livestock products,185,Russian Federation,5318,Milk Animals,1130,Raw milk of camel,2001,2001,An,0.0,M,"Missing value (data cannot exist, not applicable)",
QCL,Crops and livestock products,185,Russian Federation,5318,Milk Animals,1130,Raw milk of camel,2002,2002,An,0.0,M,"Missing value (data cannot exist, not applicable)",
QCL,Crops and livestock products,185,Russian Federation,5318,Milk Animals,1130,Raw milk of camel,2003,2003,An,190.0,E,Estimated value,
QCL,Crops and livestock products,185,Russian Federation,5318,Milk Animals,1130,Raw milk of camel,2004,2004,An,190.0,E,Estimated value,
QCL,Crops and livestock products,185,Russian Federation,5318,Milk Animals,1130,Raw milk of camel,2005,2005,An,200.0,E,Estimated value,
QCL,Crops and livestock products,185,Russian Federation,5318,Milk Animals,1130,Raw milk of camel,2006,2006,An,210.0,E,Estimated value,
QCL,Crops and livestock products,185,Russian Federation,5318,Milk Animals,1130,Raw milk of camel,2007,2007,An,210.0,E,Estimated value,
QCL,Crops and livestock products,185,Russian Federation,5318,Milk Animals,1130,Raw milk of camel,2008,2008,An,210.0,E,Estimated value,
QCL,Crops and livestock products,185,Russian Federation,5318,Milk Animals,1130,Raw milk of camel,2009,2009,An,210.0,E,Estimated value,
QCL,Crops and livestock products,185,Russian Federation,5318,Milk Animals,1130,Raw milk of camel,2010,2010,An,140.0,E,Estimated value,
QCL,Crops and livestock products,185,Russian Federation,5318,Milk Animals,1130,Raw milk of camel,2011,2011,An,140.0,E,Estimated value,
QCL,Crops and livestock products,185,Russian Federation,5318,Milk Animals,1130,Raw milk of camel,2012,2012,An,210.0,E,Estimated value,
QCL,Crops and livestock products,185,Russian Federation,5318,Milk Animals,1130,Raw milk of camel,2013,2013,An,280.0,E,Estimated value,
QCL,Crops and livestock products,185,Russian Federation,5318,Milk Animals,1130,Raw milk of camel,2014,2014,An,200.0,E,Estimated value,
QCL,Crops and livestock products,185,Russian Federation,5318,Milk Animals,1130,Raw milk of camel,2015,2015,An,202.0,I,Imputed value,
QCL,Crops and livestock products,185,Russian Federation,5318,Milk Animals,1130,Raw milk of camel,2016,2016,An,201.0,I,Imputed value,
QCL,Crops and livestock products,185,Russian Federation,5318,Milk Animals,1130,Raw milk of camel,2017,2017,An,198.0,I,Imputed value,
QCL,Crops and livestock products,185,Russian Federation,5318,Milk Animals,1130,Raw milk of camel,2018,2018,An,189.0,I,Imputed value,
QCL,Crops and livestock products,185,Russian Federation,5318,Milk Animals,1130,Raw milk of camel,2019,2019,An,191.0,I,Imputed value,
QCL,Crops and livestock products,185,Russian Federation,5318,Milk Animals,1130,Raw milk of camel,2020,2020,An,189.0,I,Imputed value,
QCL,Crops and livestock products,185,Russian Federation,5318,Milk Animals,1130,Raw milk of camel,2021,2021,An,189.0,I,Imputed value,
QCL,Crops and livestock products,185,Russian Federation,5318,Milk Animals,1130,Raw milk of camel,2022,2022,An,187.0,I,Imputed value,
QCL,Crops and livestock products,185,Russian Federation,5318,Milk Animals,882,Raw milk of cattle,1992,1992,An,20192200.0,A,Official figure,
QCL,Crops and livestock products,185,Russian Federation,5318,Milk Animals,882,Raw milk of cattle,1993,1993,An,19877500.0,A,Official figure,
QCL,Crops and livestock products,185,Russian Federation,5318,Milk Animals,882,Raw milk of cattle,1994,1994,An,19399000.0,A,Official figure,
QCL,Crops and livestock products,185,Russian Federation,5318,Milk Animals,882,Raw milk of cattle,1995,1995,An,18085000.0,A,Official figure,
QCL,Crops and livestock products,185,Russian Federation,5318,Milk Animals,882,Raw milk of cattle,1996,1996,An,16557200.0,A,Official figure,
QCL,Crops and livestock products,185,Russian Federation,5318,Milk Animals,882,Raw milk of cattle,1997,1997,An,15105500.0,A,Official figure,
QCL,Crops and livestock products,185,Russian Federation,5318,Milk Animals,882,Raw milk of cattle,1998,1998,An,13837400.0,A,Official figure,
QCL,Crops and livestock products,185,Russian Federation,5318,Milk Animals,882,Raw milk of cattle,1999,1999,An,13158000.0,A,Official figure,
QCL,Crops and livestock products,185,Russian Federation,5318,Milk Animals,882,Raw milk of cattle,2000,2000,An,12771000.0,A,Official figure,
QCL,Crops and livestock products,185,Russian Federation,5318,Milk Animals,882,Raw milk of cattle,2001,2001,An,12294400.0,A,Official figure,
QCL,Crops and livestock products,185,Russian Federation,5318,Milk Animals,882,Raw milk of cattle,2002,2002,An,11873328.0,A,Official figure,
QCL,Crops and livestock products,185,Russian Federation,5318,Milk Animals,882,Raw milk of cattle,2003,2003,An,11218267.0,A,Official figure,
QCL,Crops and livestock products,185,Russian Federation,5318,Milk Animals,882,Raw milk of cattle,2004,2004,An,10424797.0,A,Official figure,
QCL,Crops and livestock products,185,Russian Federation,5318,Milk Animals,882,Raw milk of cattle,2005,2005,An,9647223.0,A,Official figure,
QCL,Crops and livestock products,185,Russian Federation,5318,Milk Animals,882,Raw milk of cattle,2006,2006,An,9292143.0,A,Official figure,
QCL,Crops and livestock products,185,Russian Federation,5318,Milk Animals,882,Raw milk of cattle,2007,2007,An,9114535.0,A,Official figure,
QCL,Crops and livestock products,185,Russian Federation,5318,Milk Animals,882,Raw milk of cattle,2008,2008,An,8928440.0,A,Official figure,
QCL,Crops and livestock products,185,Russian Federation,5318,Milk Animals,882,Raw milk of cattle,2009,2009,An,8740968.0,A,Official figure,
QCL,Crops and livestock products,185,Russian Federation,5318,Milk Animals,882,Raw milk of cattle,2010,2010,An,8351185.0,A,Official figure,
QCL,Crops and livestock products,185,Russian Federation,5318,Milk Animals,882,Raw milk of cattle,2011,2011,An,8136896.0,A,Official figure,
QCL,Crops and livestock products,185,Russian Federation,5318,Milk Animals,882,Raw milk of cattle,2012,2012,An,8068689.0,A,Official figure,
QCL,Crops and livestock products,185,Russian Federation,5318,Milk Animals,882,Raw milk of cattle,2013,2013,An,7766275.0,A,Official figure,
QCL,Crops and livestock products,185,Russian Federation,5318,Milk Animals,882,Raw milk of cattle,2014,2014,An,7572692.0,A,Official figure,
QCL,Crops and livestock products,185,Russian Federation,5318,Milk Animals,882,Raw milk of cattle,2015,2015,An,7362338.0,A,Official figure,
QCL,Crops and livestock products,185,Russian Federation,5318,Milk Animals,882,Raw milk of cattle,2016,2016,An,7199922.0,A,Official figure,
QCL,Crops and livestock products,185,Russian Federation,5318,Milk Animals,882,Raw milk of cattle,2017,2017,An,7043569.0,A,Official figure,
QCL,Crops and livestock products,185,Russian Federation,5318,Milk Animals,882,Raw milk of cattle,2018,2018,An,6726133.0,A,Official figure,
QCL,Crops and livestock products,185,Russian Federation,5318,Milk Animals,882,Raw milk of cattle,2019,2019,An,6666987.0,A,Official figure,
QCL,Crops and livestock products,185,Russian Federation,5318,Milk Animals,882,Raw milk of cattle,2020,2020,An,6571603.0,A,Official figure,
QCL,Crops and livestock products,185,Russian Federation,5318,Milk Animals,882,Raw milk of cattle,2021,2021,An,6394372.0,A,Official figure,
QCL,Crops and livestock products,185,Russian Federation,5318,Milk Animals,882,Raw milk of cattle,2022,2022,An,6268581.0,A,Official figure,
QCL,Crops and livestock products,185,Russian Federation,5318,Milk Animals,1020,Raw milk of goats,1992,1992,An,750000.0,E,Estimated value,
QCL,Crops and livestock products,185,Russian Federation,5318,Milk Animals,1020,Raw milk of goats,1993,1993,An,800000.0,E,Estimated value,
QCL,Crops and livestock products,185,Russian Federation,5318,Milk Animals,1020,Raw milk of goats,1994,1994,An,1160892.0,I,Imputed value,
QCL,Crops and livestock products,185,Russian Federation,5318,Milk Animals,1020,Raw milk of goats,1995,1995,An,825000.0,E,Estimated value,
QCL,Crops and livestock products,185,Russian Federation,5318,Milk Animals,1020,Raw milk of goats,1996,1996,An,900000.0,E,Estimated value,
QCL,Crops and livestock products,185,Russian Federation,5318,Milk Animals,1020,Raw milk of goats,1997,1997,An,947176.0,I,Imputed value,
QCL,Crops and livestock products,185,Russian Federation,5318,Milk Animals,1020,Raw milk of goats,1998,1998,An,1000000.0,E,Estimated value,
QCL,Crops and livestock products,185,Russian Federation,5318,Milk Animals,1020,Raw milk of goats,1999,1999,An,980000.0,E,Estimated value,
QCL,Crops and livestock products,185,Russian Federation,5318,Milk Animals,1020,Raw milk of goats,2000,2000,An,1037400.0,A,Official figure,
QCL,Crops and livestock products,185,Russian Federation,5318,Milk Animals,1020,Raw milk of goats,2001,2001,An,1201800.0,A,Official figure,
QCL,Crops and livestock products,185,Russian Federation,5318,Milk Animals,1020,Raw milk of goats,2002,2002,An,1169977.0,A,Official figure,
QCL,Crops and livestock products,185,Russian Federation,5318,Milk Animals,1020,Raw milk of goats,2003,2003,An,1142777.0,A,Official figure,
QCL,Crops and livestock products,185,Russian Federation,5318,Milk Animals,1020,Raw milk of goats,2004,2004,An,1095000.0,X,Figure from international organizations,Unofficial figure
QCL,Crops and livestock products,185,Russian Federation,5318,Milk Animals,1020,Raw milk of goats,2005,2005,An,1024059.0,A,Official figure,
QCL,Crops and livestock products,185,Russian Federation,5318,Milk Animals,1020,Raw milk of goats,2006,2006,An,987974.0,A,Official figure,
QCL,Crops and livestock products,185,Russian Federation,5318,Milk Animals,1020,Raw milk of goats,2007,2007,An,957128.0,A,Official figure,
QCL,Crops and livestock products,185,Russian Federation,5318,Milk Animals,1020,Raw milk of goats,2008,2008,An,958588.0,A,Official figure,
QCL,Crops and livestock products,185,Russian Federation,5318,Milk Animals,1020,Raw milk of goats,2009,2009,An,874629.0,A,Official figure,
QCL,Crops and livestock products,185,Russian Federation,5318,Milk Animals,1020,Raw milk of goats,2010,2010,An,844023.0,A,Official figure,
QCL,Crops and livestock products,185,Russian Federation,5318,Milk Animals,1020,Raw milk of goats,2011,2011,An,817670.0,A,Official figure,
QCL,Crops and livestock products,185,Russian Federation,5318,Milk Animals,1020,Raw milk of goats,2012,2012,An,782546.0,A,Official figure,
QCL,Crops and livestock products,185,Russian Federation,5318,Milk Animals,1020,Raw milk of goats,2013,2013,An,751051.0,A,Official figure,
QCL,Crops and livestock products,185,Russian Federation,5318,Milk Animals,1020,Raw milk of goats,2014,2014,An,777267.0,A,Official figure,
QCL,Crops and livestock products,185,Russian Federation,5318,Milk Animals,1020,Raw milk of goats,2015,2015,An,762590.0,A,Official figure,
QCL,Crops and livestock products,185,Russian Federation,5318,Milk Animals,1020,Raw milk of goats,2016,2016,An,759033.0,A,Official figure,
QCL,Crops and livestock products,185,Russian Federation,5318,Milk Animals,1020,Raw milk of goats,2017,2017,An,768023.0,A,Official figure,
QCL,Crops and livestock products,185,Russian Federation,5318,Milk Animals,1020,Raw milk of goats,2018,2018,An,787013.0,A,Official figure,
QCL,Crops and livestock products,185,Russian Federation,5318,Milk Animals,1020,Raw milk of goats,2019,2019,An,775204.0,A,Official figure,
QCL,Crops and livestock products,185,Russian Federation,5318,Milk Animals,1020,Raw milk of goats,2020,2020,An,765330.0,A,Official figure,
QCL,Crops and livestock products,185,Russian Federation,5318,Milk Animals,1020,Raw milk of goats,2021,2021,An,735030.0,A,Official figure,
QCL,Crops and livestock products,185,Russian Federation,5318,Milk Animals,1020,Raw milk of goats,2022,2022,An,704200.0,A,Official figure,
QCL,Crops and livestock products,185,Russian Federation,5318,Milk Animals,982,Raw milk of sheep,1992,1992,An,6162803.0,I,Imputed value,
QCL,Crops and livestock products,185,Russian Federation,5318,Milk Animals,982,Raw milk of sheep,1993,1993,An,5772512.0,I,Imputed value,
QCL,Crops and livestock products,185,Russian Federation,5318,Milk Animals,982,Raw milk of sheep,1994,1994,An,5016859.0,I,Imputed value,
QCL,Crops and livestock products,185,Russian Federation,5318,Milk Animals,982,Raw milk of sheep,1995,1995,An,4099156.0,I,Imputed value,
QCL,Crops and livestock products,185,Russian Federation,5318,Milk Animals,982,Raw milk of sheep,1996,1996,An,3404570.0,I,Imputed value,
QCL,Crops and livestock products,185,Russian Federation,5318,Milk Animals,982,Raw milk of sheep,1997,1997,An,2839955.0,I,Imputed value,
QCL,Crops and livestock products,185,Russian Federation,5318,Milk Animals,982,Raw milk of sheep,1998,1998,An,2390505.0,I,Imputed value,
QCL,Crops and livestock products,185,Russian Federation,5318,Milk Animals,982,Raw milk of sheep,1999,1999,An,2018022.0,I,Imputed value,
QCL,Crops and livestock products,185,Russian Federation,5318,Milk Animals,982,Raw milk of sheep,2000,2000,An,1920448.0,I,Imputed value,
QCL,Crops and livestock products,185,Russian Federation,5318,Milk Animals,982,Raw milk of sheep,2001,2001,An,1934988.0,I,Imputed value,
QCL,Crops and livestock products,185,Russian Federation,5318,Milk Animals,982,Raw milk of sheep,2002,2002,An,2001267.0,I,Imputed value,
QCL,Crops and livestock products,185,Russian Federation,5318,Milk Animals,982,Raw milk of sheep,2003,2003,An,1594606.0,A,Official figure,
QCL,Crops and livestock products,185,Russian Federation,5318,Milk Animals,982,Raw milk of sheep,2004,2004,An,1885489.0,A,Official figure,
QCL,Crops and livestock products,185,Russian Federation,5318,Milk Animals,982,Raw milk of sheep,2005,2005,An,2195024.0,A,Official figure,
QCL,Crops and livestock products,185,Russian Federation,5318,Milk Animals,982,Raw milk of sheep,2006,2006,An,2373826.0,A,Official figure,
QCL,Crops and livestock products,185,Russian Federation,5318,Milk Animals,982,Raw milk of sheep,2007,2007,An,2587528.0,A,Official figure,
QCL,Crops and livestock products,185,Russian Federation,5318,Milk Animals,982,Raw milk of sheep,2008,2008,An,2635377.0,A,Official figure,
QCL,Crops and livestock products,185,Russian Federation,5318,Milk Animals,982,Raw milk of sheep,2009,2009,An,2196400.0,A,Official figure,
QCL,Crops and livestock products,185,Russian Federation,5318,Milk Animals,982,Raw milk of sheep,2010,2010,An,1945130.0,A,Official figure,
QCL,Crops and livestock products,185,Russian Federation,5318,Milk Animals,982,Raw milk of sheep,2011,2011,An,2082042.0,A,Official figure,
QCL,Crops and livestock products,185,Russian Federation,5318,Milk Animals,982,Raw milk of sheep,2012,2012,An,2334928.0,A,Official figure,
QCL,Crops and livestock products,185,Russian Federation,5318,Milk Animals,982,Raw milk of sheep,2013,2013,An,2422216.0,A,Official figure,
QCL,Crops and livestock products,185,Russian Federation,5318,Milk Animals,982,Raw milk of sheep,2014,2014,An,2949831.0,A,Official figure,
QCL,Crops and livestock products,185,Russian Federation,5318,Milk Animals,982,Raw milk of sheep,2015,2015,An,5131080.0,A,Official figure,
QCL,Crops and livestock products,185,Russian Federation,5318,Milk Animals,982,Raw milk of sheep,2016,2016,An,5276518.0,A,Official figure,
QCL,Crops and livestock products,185,Russian Federation,5318,Milk Animals,982,Raw milk of sheep,2017,2017,An,3780050.0,A,Official figure,
QCL,Crops and livestock products,185,Russian Federation,5318,Milk Animals,982,Raw milk of sheep,2018,2018,An,3812786.0,A,Official figure,
QCL,Crops and livestock products,185,Russian Federation,5318,Milk Animals,982,Raw milk of sheep,2019,2019,An,3788887.0,A,Official figure,
QCL,Crops and livestock products,185,Russian Federation,5318,Milk Animals,982,Raw milk of sheep,2020,2020,An,3705813.0,A,Official figure,
QCL,Crops and livestock products,185,Russian Federation,5318,Milk Animals,982,Raw milk of sheep,2021,2021,An,3090003.0,A,Official figure,
QCL,Crops and livestock products,185,Russian Federation,5318,Milk Animals,982,Raw milk of sheep,2022,2022,An,3728644.0,A,Official figure,
QCL,Crops and livestock products,185,Russian Federation,5111,Stocks,976,Sheep,1992,1992,An,52194600.0,A,Official figure,
QCL,Crops and livestock products,185,Russian Federation,5111,Stocks,976,Sheep,1993,1993,An,48182500.0,A,Official figure,
QCL,Crops and livestock products,185,Russian Federation,5111,Stocks,976,Sheep,1994,1994,An,40615900.0,A,Official figure,
QCL,Crops and livestock products,185,Russian Federation,5111,Stocks,976,Sheep,1995,1995,An,31767300.0,A,Official figure,
QCL,Crops and livestock products,185,Russian Federation,5111,Stocks,976,Sheep,1996,1996,An,25344600.0,A,Official figure,
QCL,Crops and livestock products,185,Russian Federation,5111,Stocks,976,Sheep,1997,1997,An,20327000.0,A,Official figure,
QCL,Crops and livestock products,185,Russian Federation,5111,Stocks,976,Sheep,1998,1998,An,16482700.0,A,Official figure,
QCL,Crops and livestock products,185,Russian Federation,5111,Stocks,976,Sheep,1999,1999,An,13412500.0,A,Official figure,
QCL,Crops and livestock products,185,Russian Federation,5111,Stocks,976,Sheep,2000,2000,An,12622156.0,A,Official figure,
QCL,Crops and livestock products,185,Russian Federation,5111,Stocks,976,Sheep,2001,2001,An,12730533.0,A,Official figure,
QCL,Crops and livestock products,185,Russian Federation,5111,Stocks,976,Sheep,2002,2002,An,13253553.0,A,Official figure,
QCL,Crops and livestock products,185,Russian Federation,5111,Stocks,976,Sheep,2003,2003,An,14012300.0,A,Official figure,
QCL,Crops and livestock products,185,Russian Federation,5111,Stocks,976,Sheep,2004,2004,An,14875750.0,A,Official figure,
QCL,Crops and livestock products,185,Russian Federation,5111,Stocks,976,Sheep,2005,2005,An,15774728.0,A,Official figure,
QCL,Crops and livestock products,185,Russian Federation,5111,Stocks,976,Sheep,2006,2006,An,16417745.0,A,Official figure,
QCL,Crops and livestock products,185,Russian Federation,5111,Stocks,976,Sheep,2007,2007,An,17997927.0,A,Official figure,
QCL,Crops and livestock products,185,Russian Federation,5111,Stocks,976,Sheep,2008,2008,An,19290365.0,A,Official figure,
QCL,Crops and livestock products,185,Russian Federation,5111,Stocks,976,Sheep,2009,2009,An,19602252.0,A,Official figure,
QCL,Crops and livestock products,185,Russian Federation,5111,Stocks,976,Sheep,2010,2010,An,19849656.0,A,Official figure,
QCL,Crops and livestock products,185,Russian Federation,5111,Stocks,976,Sheep,2011,2011,An,19761336.0,A,Official figure,
QCL,Crops and livestock products,185,Russian Federation,5111,Stocks,976,Sheep,2012,2012,An,20766815.0,A,Official figure,
QCL,Crops and livestock products,185,Russian Federation,5111,Stocks,976,Sheep,2013,2013,An,22061282.0,A,Official figure,
QCL,Crops and livestock products,185,Russian Federation,5111,Stocks,976,Sheep,2014,2014,An,22246750.0,A,Official figure,
QCL,Crops and livestock products,185,Russian Federation,5111,Stocks,976,Sheep,2015,2015,An,22578257.0,A,Official figure,
QCL,Crops and livestock products,185,Russian Federation,5111,Stocks,976,Sheep,2016,2016,An,22443040.0,A,Official figure,
QCL,Crops and livestock products,185,Russian Federation,5111,Stocks,976,Sheep,2017,2017,An,22662426.0,A,Official figure,
QCL,Crops and livestock products,185,Russian Federation,5111,Stocks,976,Sheep,2018,2018,An,22347284.0,A,Official figure,
QCL,Crops and livestock products,185,Russian Federation,5111,Stocks,976,Sheep,2019,2019,An,21136400.0,A,Official figure,
QCL,Crops and livestock products,185,Russian Federation,5111,Stocks,976,Sheep,2020,2020,An,20654963.0,A,Official figure,
QCL,Crops and livestock products,185,Russian Federation,5111,Stocks,976,Sheep,2021,2021,An,19785390.0,A,Official figure,
QCL,Crops and livestock products,185,Russian Federation,5111,Stocks,976,Sheep,2022,2022,An,19148212.0,A,Official figure,
QCL,Crops and livestock products,185,Russian Federation,5111,Stocks,1034,Swine / pigs,1992,1992,An,35384304.0,A,Official figure,
QCL,Crops and livestock products,185,Russian Federation,5111,Stocks,1034,Swine / pigs,1993,1993,An,31519700.0,A,Official figure,
QCL,Crops and livestock products,185,Russian Federation,5111,Stocks,1034,Swine / pigs,1994,1994,An,28556600.0,A,Official figure,
QCL,Crops and livestock products,185,Russian Federation,5111,Stocks,1034,Swine / pigs,1995,1995,An,24858700.0,A,Official figure,
QCL,Crops and livestock products,185,Russian Federation,5111,Stocks,1034,Swine / pigs,1996,1996,An,22630600.0,A,Official figure,
QCL,Crops and livestock products,185,Russian Federation,5111,Stocks,1034,Swine / pigs,1997,1997,An,19115000.0,A,Official figure,
QCL,Crops and livestock products,185,Russian Federation,5111,Stocks,1034,Swine / pigs,1998,1998,An,17348300.0,A,Official figure,
QCL,Crops and livestock products,185,Russian Federation,5111,Stocks,1034,Swine / pigs,1999,1999,An,17248300.0,A,Official figure,
QCL,Crops and livestock products,185,Russian Federation,5111,Stocks,1034,Swine / pigs,2000,2000,An,18341111.0,A,Official figure,
QCL,Crops and livestock products,185,Russian Federation,5111,Stocks,1034,Swine / pigs,2001,2001,An,15824396.0,A,Official figure,
QCL,Crops and livestock products,185,Russian Federation,5111,Stocks,1034,Swine / pigs,2002,2002,An,16226951.0,A,Official figure,
QCL,Crops and livestock products,185,Russian Federation,5111,Stocks,1034,Swine / pigs,2003,2003,An,17600573.0,A,Official figure,
QCL,Crops and livestock products,185,Russian Federation,5111,Stocks,1034,Swine / pigs,2004,2004,An,16278168.0,A,Official figure,
QCL,Crops and livestock products,185,Russian Federation,5111,Stocks,1034,Swine / pigs,2005,2005,An,13717178.0,A,Official figure,
QCL,Crops and livestock products,185,Russian Federation,5111,Stocks,1034,Swine / pigs,2006,2006,An,13811719.0,A,Official figure,
QCL,Crops and livestock products,185,Russian Federation,5111,Stocks,1034,Swine / pigs,2007,2007,An,16184873.0,A,Official figure,
QCL,Crops and livestock products,185,Russian Federation,5111,Stocks,1034,Swine / pigs,2008,2008,An,16340006.0,A,Official figure,
QCL,Crops and livestock products,185,Russian Federation,5111,Stocks,1034,Swine / pigs,2009,2009,An,16161860.0,A,Official figure,
QCL,Crops and livestock products,185,Russian Federation,5111,Stocks,1034,Swine / pigs,2010,2010,An,17230955.0,A,Official figure,
QCL,Crops and livestock products,185,Russian Federation,5111,Stocks,1034,Swine / pigs,2011,2011,An,17217860.0,A,Official figure,
QCL,Crops and livestock products,185,Russian Federation,5111,Stocks,1034,Swine / pigs,2012,2012,An,17258297.0,A,Official figure,
QCL,Crops and livestock products,185,Russian Federation,5111,Stocks,1034,Swine / pigs,2013,2013,An,18816357.0,A,Official figure,
QCL,Crops and livestock products,185,Russian Federation,5111,Stocks,1034,Swine / pigs,2014,2014,An,19081411.0,A,Official figure,
QCL,Crops and livestock products,185,Russian Federation,5111,Stocks,1034,Swine / pigs,2015,2015,An,19546095.0,A,Official figure,
QCL,Crops and livestock products,185,Russian Federation,5111,Stocks,1034,Swine / pigs,2016,2016,An,21405501.0,A,Official figure,
QCL,Crops and livestock products,185,Russian Federation,5111,Stocks,1034,Swine / pigs,2017,2017,An,21924642.0,A,Official figure,
QCL,Crops and livestock products,185,Russian Federation,5111,Stocks,1034,Swine / pigs,2018,2018,An,23075510.0,A,Official figure,
QCL,Crops and livestock products,185,Russian Federation,5111,Stocks,1034,Swine / pigs,2019,2019,An,23726560.0,A,Official figure,
QCL,Crops and livestock products,185,Russian Federation,5111,Stocks,1034,Swine / pigs,2020,2020,An,25163165.0,A,Official figure,
QCL,Crops and livestock products,185,Russian Federation,5111,Stocks,1034,Swine / pigs,2021,2021,An,25850147.0,A,Official figure,
QCL,Crops and livestock products,185,Russian Federation,5111,Stocks,1034,Swine / pigs,2022,2022,An,26192944.0,A,Official figure,
QCL,Crops and livestock products,185,Russian Federation,5112,Stocks,1079,Turkeys,1992,1992,1000 An,3500.0,X,Figure from international organizations,Unofficial figure
QCL,Crops and livestock products,185,Russian Federation,5112,Stocks,1079,Turkeys,1993,1993,1000 An,5000.0,X,Figure from international organizations,Unofficial figure
QCL,Crops and livestock products,185,Russian Federation,5112,Stocks,1079,Turkeys,1994,1994,1000 An,5000.0,X,Figure from international organizations,Unofficial figure
QCL,Crops and livestock products,185,Russian Federation,5112,Stocks,1079,Turkeys,1995,1995,1000 An,3000.0,X,Figure from international organizations,Unofficial figure
QCL,Crops and livestock products,185,Russian Federation,5112,Stocks,1079,Turkeys,1996,1996,1000 An,2600.0,X,Figure from international organizations,Unofficial figure
QCL,Crops and livestock products,185,Russian Federation,5112,Stocks,1079,Turkeys,1997,1997,1000 An,2500.0,X,Figure from international organizations,Unofficial figure
QCL,Crops and livestock products,185,Russian Federation,5112,Stocks,1079,Turkeys,1998,1998,1000 An,2000.0,X,Figure from international organizations,Unofficial figure
QCL,Crops and livestock products,185,Russian Federation,5112,Stocks,1079,Turkeys,1999,1999,1000 An,2400.0,X,Figure from international organizations,Unofficial figure
QCL,Crops and livestock products,185,Russian Federation,5112,Stocks,1079,Turkeys,2000,2000,1000 An,2000.0,X,Figure from international organizations,Unofficial figure
QCL,Crops and livestock products,185,Russian Federation,5112,Stocks,1079,Turkeys,2001,2001,1000 An,2500.0,X,Figure from international organizations,Unofficial figure
QCL,Crops and livestock products,185,Russian Federation,5112,Stocks,1079,Turkeys,2002,2002,1000 An,3000.0,X,Figure from international organizations,Unofficial figure
QCL,Crops and livestock products,185,Russian Federation,5112,Stocks,1079,Turkeys,2003,2003,1000 An,2500.0,X,Figure from international organizations,Unofficial figure
QCL,Crops and livestock products,185,Russian Federation,5112,Stocks,1079,Turkeys,2004,2004,1000 An,2759.0,I,Imputed value,
QCL,Crops and livestock products,185,Russian Federation,5112,Stocks,1079,Turkeys,2005,2005,1000 An,2652.0,I,Imputed value,
QCL,Crops and livestock products,185,Russian Federation,5112,Stocks,1079,Turkeys,2006,2006,1000 An,2522.0,I,Imputed value,
QCL,Crops and livestock products,185,Russian Federation,5112,Stocks,1079,Turkeys,2007,2007,1000 An,1870.0,A,Official figure,
QCL,Crops and livestock products,185,Russian Federation,5112,Stocks,1079,Turkeys,2008,2008,1000 An,1957.0,A,Official figure,
QCL,Crops and livestock products,185,Russian Federation,5112,Stocks,1079,Turkeys,2009,2009,1000 An,2029.0,A,Official figure,
QCL,Crops and livestock products,185,Russian Federation,5112,Stocks,1079,Turkeys,2010,2010,1000 An,2187.0,A,Official figure,
QCL,Crops and livestock products,185,Russian Federation,5112,Stocks,1079,Turkeys,2011,2011,1000 An,2246.0,A,Official figure,
QCL,Crops and livestock products,185,Russian Federation,5112,Stocks,1079,Turkeys,2012,2012,1000 An,2350.0,A,Official figure,
QCL,Crops and livestock products,185,Russian Federation,5112,Stocks,1079,Turkeys,2013,2013,1000 An,2479.0,A,Official figure,
QCL,Crops and livestock products,185,Russian Federation,5112,Stocks,1079,Turkeys,2014,2014,1000 An,2469.0,A,Official figure,
QCL,Crops and livestock products,185,Russian Federation,5112,Stocks,1079,Turkeys,2015,2015,1000 An,2644.0,A,Official figure,
QCL,Crops and livestock products,185,Russian Federation,5112,Stocks,1079,Turkeys,2016,2016,1000 An,8737.0,A,Official figure,
QCL,Crops and livestock products,185,Russian Federation,5112,Stocks,1079,Turkeys,2017,2017,1000 An,8802.0,A,Official figure,
QCL,Crops and livestock products,185,Russian Federation,5112,Stocks,1079,Turkeys,2018,2018,1000 An,8961.0,A,Official figure,
QCL,Crops and livestock products,185,Russian Federation,5112,Stocks,1079,Turkeys,2019,2019,1000 An,8669.0,A,Official figure,
QCL,Crops and livestock products,185,Russian Federation,5112,Stocks,1079,Turkeys,2020,2020,1000 An,8780.0,A,Official figure,
QCL,Crops and livestock products,185,Russian Federation,5112,Stocks,1079,Turkeys,2021,2021,1000 An,8407.0,A,Official figure,
QCL,Crops and livestock products,185,Russian Federation,5112,Stocks,1079,Turkeys,2022,2022,1000 An,8755.0,A,Official figure,
QCL,Crops and livestock products,185,Russian Federation,5111,Stocks,1746,Cattle and Buffaloes,1992,1992,An,54699704.0,A,Official figure,
QCL,Crops and livestock products,185,Russian Federation,5111,Stocks,1746,Cattle and Buffaloes,1993,1993,An,52248000.0,A,Official figure,
QCL,Crops and livestock products,185,Russian Federation,5111,Stocks,1746,Cattle and Buffaloes,1994,1994,An,48931900.0,A,Official figure,
QCL,Crops and livestock products,185,Russian Federation,5111,Stocks,1746,Cattle and Buffaloes,1995,1995,An,43320000.0,A,Official figure,
QCL,Crops and livestock products,185,Russian Federation,5111,Stocks,1746,Cattle and Buffaloes,1996,1996,An,39719548.0,A,Official figure,
QCL,Crops and livestock products,185,Russian Federation,5111,Stocks,1746,Cattle and Buffaloes,1997,1997,An,35123640.0,A,Official figure,
QCL,Crops and livestock products,185,Russian Federation,5111,Stocks,1746,Cattle and Buffaloes,1998,1998,An,31536486.0,A,Official figure,
QCL,Crops and livestock products,185,Russian Federation,5111,Stocks,1746,Cattle and Buffaloes,1999,1999,An,28496941.0,A,Official figure,
QCL,Crops and livestock products,185,Russian Federation,5111,Stocks,1746,Cattle and Buffaloes,2000,2000,An,28076823.0,E,Estimated value,
QCL,Crops and livestock products,185,Russian Federation,5111,Stocks,1746,Cattle and Buffaloes,2001,2001,An,27537210.0,A,Official figure,
QCL,Crops and livestock products,185,Russian Federation,5111,Stocks,1746,Cattle and Buffaloes,2002,2002,An,27404199.0,A,Official figure,
QCL,Crops and livestock products,185,Russian Federation,5111,Stocks,1746,Cattle and Buffaloes,2003,2003,An,26861947.0,A,Official figure,
QCL,Crops and livestock products,185,Russian Federation,5111,Stocks,1746,Cattle and Buffaloes,2004,2004,An,25109041.0,A,Official figure,
QCL,Crops and livestock products,185,Russian Federation,5111,Stocks,1746,Cattle and Buffaloes,2005,2005,An,23171078.0,A,Official figure,
QCL,Crops and livestock products,185,Russian Federation,5111,Stocks,1746,Cattle and Buffaloes,2006,2006,An,21639390.0,A,Official figure,
QCL,Crops and livestock products,185,Russian Federation,5111,Stocks,1746,Cattle and Buffaloes,2007,2007,An,21577263.0,A,Official figure,
QCL,Crops and livestock products,185,Russian Federation,5111,Stocks,1746,Cattle and Buffaloes,2008,2008,An,21560388.0,A,Official figure,
QCL,Crops and livestock products,185,Russian Federation,5111,Stocks,1746,Cattle and Buffaloes,2009,2009,An,21050824.0,A,Official figure,
QCL,Crops and livestock products,185,Russian Federation,5111,Stocks,1746,Cattle and Buffaloes,2010,2010,An,20681868.0,A,Official figure,
QCL,Crops and livestock products,185,Russian Federation,5111,Stocks,1746,Cattle and Buffaloes,2011,2011,An,19976608.0,A,Official figure,
QCL,Crops and livestock products,185,Russian Federation,5111,Stocks,1746,Cattle and Buffaloes,2012,2012,An,20117609.0,A,Official figure,
QCL,Crops and livestock products,185,Russian Federation,5111,Stocks,1746,Cattle and Buffaloes,2013,2013,An,19936356.0,A,Official figure,
QCL,Crops and livestock products,185,Russian Federation,5111,Stocks,1746,Cattle and Buffaloes,2014,2014,An,19570608.0,A,Official figure,
QCL,Crops and livestock products,185,Russian Federation,5111,Stocks,1746,Cattle and Buffaloes,2015,2015,An,19270594.0,A,Official figure,
QCL,Crops and livestock products,185,Russian Federation,5111,Stocks,1746,Cattle and Buffaloes,2016,2016,An,18627203.0,A,Official figure,
QCL,Crops and livestock products,185,Russian Federation,5111,Stocks,1746,Cattle and Buffaloes,2017,2017,An,18351751.0,A,Official figure,
QCL,Crops and livestock products,185,Russian Federation,5111,Stocks,1746,Cattle and Buffaloes,2018,2018,An,18299539.0,A,Official figure,
QCL,Crops and livestock products,185,Russian Federation,5111,Stocks,1746,Cattle and Buffaloes,2019,2019,An,18157729.0,A,Official figure,
QCL,Crops and livestock products,185,Russian Federation,5111,Stocks,1746,Cattle and Buffaloes,2020,2020,An,18132385.0,A,Official figure,
QCL,Crops and livestock products,185,Russian Federation,5111,Stocks,1746,Cattle and Buffaloes,2021,2021,An,18033171.0,A,Official figure,
QCL,Crops and livestock products,185,Russian Federation,5111,Stocks,1746,Cattle and Buffaloes,2022,2022,An,17655522.0,A,Official figure,
QCL,Crops and livestock products,185,Russian Federation,5318,Milk Animals,1780,"Milk, Total",1992,1992,An,27105003.0,E,Estimated value,
QCL,Crops and livestock products,185,Russian Federation,5318,Milk Animals,1780,"Milk, Total",1993,1993,An,26450012.0,E,Estimated value,
QCL,Crops and livestock products,185,Russian Federation,5318,Milk Animals,1780,"Milk, Total",1994,1994,An,25576750.0,E,Estimated value,
QCL,Crops and livestock products,185,Russian Federation,5318,Milk Animals,1780,"Milk, Total",1995,1995,An,23009156.0,E,Estimated value,
QCL,Crops and livestock products,185,Russian Federation,5318,Milk Animals,1780,"Milk, Total",1996,1996,An,20861770.0,E,Estimated value,
QCL,Crops and livestock products,185,Russian Federation,5318,Milk Animals,1780,"Milk, Total",1997,1997,An,18892631.0,E,Estimated value,
QCL,Crops and livestock products,185,Russian Federation,5318,Milk Animals,1780,"Milk, Total",1998,1998,An,17227905.0,E,Estimated value,
QCL,Crops and livestock products,185,Russian Federation,5318,Milk Animals,1780,"Milk, Total",1999,1999,An,16156022.0,E,Estimated value,
QCL,Crops and livestock products,185,Russian Federation,5318,Milk Animals,1780,"Milk, Total",2000,2000,An,15728848.0,E,Estimated value,
QCL,Crops and livestock products,185,Russian Federation,5318,Milk Animals,1780,"Milk, Total",2001,2001,An,15431188.0,E,Estimated value,
QCL,Crops and livestock products,185,Russian Federation,5318,Milk Animals,1780,"Milk, Total",2002,2002,An,15044572.0,E,Estimated value,
QCL,Crops and livestock products,185,Russian Federation,5318,Milk Animals,1780,"Milk, Total",2003,2003,An,13955840.0,A,Official figure,
QCL,Crops and livestock products,185,Russian Federation,5318,Milk Animals,1780,"Milk, Total",2004,2004,An,13405476.0,E,Estimated value,
QCL,Crops and livestock products,185,Russian Federation,5318,Milk Animals,1780,"Milk, Total",2005,2005,An,12866506.0,A,Official figure,
QCL,Crops and livestock products,185,Russian Federation,5318,Milk Animals,1780,"Milk, Total",2006,2006,An,12654153.0,A,Official figure,
QCL,Crops and livestock products,185,Russian Federation,5318,Milk Animals,1780,"Milk, Total",2007,2007,An,12659401.0,A,Official figure,
QCL,Crops and livestock products,185,Russian Federation,5318,Milk Animals,1780,"Milk, Total",2008,2008,An,12522615.0,A,Official figure,
QCL,Crops and livestock products,185,Russian Federation,5318,Milk Animals,1780,"Milk, Total",2009,2009,An,11812207.0,A,Official figure,
QCL,Crops and livestock products,185,Russian Federation,5318,Milk Animals,1780,"Milk, Total",2010,2010,An,11140478.0,A,Official figure,
QCL,Crops and livestock products,185,Russian Federation,5318,Milk Animals,1780,"Milk, Total",2011,2011,An,11036748.0,A,Official figure,
QCL,Crops and livestock products,185,Russian Federation,5318,Milk Animals,1780,"Milk, Total",2012,2012,An,11186373.0,A,Official figure,
QCL,Crops and livestock products,185,Russian Federation,5318,Milk Animals,1780,"Milk, Total",2013,2013,An,10939822.0,A,Official figure,
QCL,Crops and livestock products,185,Russian Federation,5318,Milk Animals,1780,"Milk, Total",2014,2014,An,11299990.0,A,Official figure,
QCL,Crops and livestock products,185,Russian Federation,5318,Milk Animals,1780,"Milk, Total",2015,2015,An,13256210.0,A,Official figure,
QCL,Crops and livestock products,185,Russian Federation,5318,Milk Animals,1780,"Milk, Total",2016,2016,An,13235674.0,A,Official figure,
QCL,Crops and livestock products,185,Russian Federation,5318,Milk Animals,1780,"Milk, Total",2017,2017,An,11591840.0,A,Official figure,
QCL,Crops and livestock products,185,Russian Federation,5318,Milk Animals,1780,"Milk, Total",2018,2018,An,11326121.0,A,Official figure,
QCL,Crops and livestock products,185,Russian Federation,5318,Milk Animals,1780,"Milk, Total",2019,2019,An,11231269.0,A,Official figure,
QCL,Crops and livestock products,185,Russian Federation,5318,Milk Animals,1780,"Milk, Total",2020,2020,An,11042934.0,A,Official figure,
QCL,Crops and livestock products,185,Russian Federation,5318,Milk Animals,1780,"Milk, Total",2021,2021,An,10219594.0,A,Official figure,
QCL,Crops and livestock products,185,Russian Federation,5318,Milk Animals,1780,"Milk, Total",2022,2022,An,10701612.0,A,Official figure,
QCL,Crops and livestock products,185,Russian Federation,5112,Stocks,2029,Poultry Birds,1992,1992,1000 An,642152.0,X,Figure from international organizations,
QCL,Crops and livestock products,185,Russian Federation,5112,Stocks,2029,Poultry Birds,1993,1993,1000 An,642652.0,X,Figure from international organizations,
QCL,Crops and livestock products,185,Russian Federation,5112,Stocks,2029,Poultry Birds,1994,1994,1000 An,560634.0,X,Figure from international organizations,
QCL,Crops and livestock products,185,Russian Federation,5112,Stocks,2029,Poultry Birds,1995,1995,1000 An,491558.0,X,Figure from international organizations,
QCL,Crops and livestock products,185,Russian Federation,5112,Stocks,2029,Poultry Birds,1996,1996,1000 An,423058.0,X,Figure from international organizations,
QCL,Crops and livestock products,185,Russian Federation,5112,Stocks,2029,Poultry Birds,1997,1997,1000 An,374281.0,X,Figure from international organizations,
QCL,Crops and livestock products,185,Russian Federation,5112,Stocks,2029,Poultry Birds,1998,1998,1000 An,362793.0,E,Estimated value,
QCL,Crops and livestock products,185,Russian Federation,5112,Stocks,2029,Poultry Birds,1999,1999,1000 An,359493.0,E,Estimated value,
QCL,Crops and livestock products,185,Russian Federation,5112,Stocks,2029,Poultry Birds,2000,2000,1000 An,350131.0,E,Estimated value,
QCL,Crops and livestock products,185,Russian Federation,5112,Stocks,2029,Poultry Birds,2001,2001,1000 An,340570.0,E,Estimated value,
QCL,Crops and livestock products,185,Russian Federation,5112,Stocks,2029,Poultry Birds,2002,2002,1000 An,350059.0,E,Estimated value,
QCL,Crops and livestock products,185,Russian Federation,5112,Stocks,2029,Poultry Birds,2003,2003,1000 An,355698.0,E,Estimated value,
QCL,Crops and livestock products,185,Russian Federation,5112,Stocks,2029,Poultry Birds,2004,2004,1000 An,355560.0,E,Estimated value,
QCL,Crops and livestock products,185,Russian Federation,5112,Stocks,2029,Poultry Birds,2005,2005,1000 An,359662.0,E,Estimated value,
QCL,Crops and livestock products,185,Russian Federation,5112,Stocks,2029,Poultry Birds,2006,2006,1000 An,378383.0,E,Estimated value,
QCL,Crops and livestock products,185,Russian Federation,5112,Stocks,2029,Poultry Birds,2007,2007,1000 An,374121.0,A,Official figure,
QCL,Crops and livestock products,185,Russian Federation,5112,Stocks,2029,Poultry Birds,2008,2008,1000 An,385885.0,A,Official figure,
QCL,Crops and livestock products,185,Russian Federation,5112,Stocks,2029,Poultry Birds,2009,2009,1000 An,402390.0,A,Official figure,
QCL,Crops and livestock products,185,Russian Federation,5112,Stocks,2029,Poultry Birds,2010,2010,1000 An,429457.0,A,Official figure,
QCL,Crops and livestock products,185,Russian Federation,5112,Stocks,2029,Poultry Birds,2011,2011,1000 An,445874.0,A,Official figure,
QCL,Crops and livestock products,185,Russian Federation,5112,Stocks,2029,Poultry Birds,2012,2012,1000 An,469603.0,A,Official figure,
QCL,Crops and livestock products,185,Russian Federation,5112,Stocks,2029,Poultry Birds,2013,2013,1000 An,490923.0,A,Official figure,
QCL,Crops and livestock products,185,Russian Federation,5112,Stocks,2029,Poultry Birds,2014,2014,1000 An,492315.0,A,Official figure,
QCL,Crops and livestock products,185,Russian Federation,5112,Stocks,2029,Poultry Birds,2015,2015,1000 An,522301.0,A,Official figure,
QCL,Crops and livestock products,185,Russian Federation,5112,Stocks,2029,Poultry Birds,2016,2016,1000 An,531635.0,A,Official figure,
QCL,Crops and livestock products,185,Russian Federation,5112,Stocks,2029,Poultry Birds,2017,2017,1000 An,539674.0,A,Official figure,
QCL,Crops and livestock products,185,Russian Federation,5112,Stocks,2029,Poultry Birds,2018,2018,1000 An,541569.0,A,Official figure,
QCL,Crops and livestock products,185,Russian Federation,5112,Stocks,2029,Poultry Birds,2019,2019,1000 An,530787.0,A,Official figure,
QCL,Crops and livestock products,185,Russian Federation,5112,Stocks,2029,Poultry Birds,2020,2020,1000 An,530786.0,A,Official figure,
QCL,Crops and livestock products,185,Russian Federation,5112,Stocks,2029,Poultry Birds,2021,2021,1000 An,505057.0,A,Official figure,
QCL,Crops and livestock products,185,Russian Federation,5112,Stocks,2029,Poultry Birds,2022,2022,1000 An,521960.0,A,Official figure,
QCL,Crops and livestock products,185,Russian Federation,5111,Stocks,1749,Sheep and Goats,1992,1992,An,55254800.0,A,Official figure,
QCL,Crops and livestock products,185,Russian Federation,5111,Stocks,1749,Sheep and Goats,1993,1993,An,51368400.0,A,Official figure,
QCL,Crops and livestock products,185,Russian Federation,5111,Stocks,1749,Sheep and Goats,1994,1994,An,43712400.0,A,Official figure,
QCL,Crops and livestock products,185,Russian Federation,5111,Stocks,1749,Sheep and Goats,1995,1995,An,34540400.0,A,Official figure,
QCL,Crops and livestock products,185,Russian Federation,5111,Stocks,1749,Sheep and Goats,1996,1996,An,28026600.0,A,Official figure,
QCL,Crops and livestock products,185,Russian Federation,5111,Stocks,1749,Sheep and Goats,1997,1997,An,22772400.0,A,Official figure,
QCL,Crops and livestock products,185,Russian Federation,5111,Stocks,1749,Sheep and Goats,1998,1998,An,18774000.0,A,Official figure,
QCL,Crops and livestock products,185,Russian Federation,5111,Stocks,1749,Sheep and Goats,1999,1999,An,15556400.0,A,Official figure,
QCL,Crops and livestock products,185,Russian Federation,5111,Stocks,1749,Sheep and Goats,2000,2000,An,14776209.0,A,Official figure,
QCL,Crops and livestock products,185,Russian Federation,5111,Stocks,1749,Sheep and Goats,2001,2001,An,14961931.0,A,Official figure,
QCL,Crops and livestock products,185,Russian Federation,5111,Stocks,1749,Sheep and Goats,2002,2002,An,15572917.0,A,Official figure,
QCL,Crops and livestock products,185,Russian Federation,5111,Stocks,1749,Sheep and Goats,2003,2003,An,16370297.0,A,Official figure,
QCL,Crops and livestock products,185,Russian Federation,5111,Stocks,1749,Sheep and Goats,2004,2004,An,17261266.0,A,Official figure,
QCL,Crops and livestock products,185,Russian Federation,5111,Stocks,1749,Sheep and Goats,2005,2005,An,18077727.0,A,Official figure,
QCL,Crops and livestock products,185,Russian Federation,5111,Stocks,1749,Sheep and Goats,2006,2006,An,18581439.0,A,Official figure,
QCL,Crops and livestock products,185,Russian Federation,5111,Stocks,1749,Sheep and Goats,2007,2007,An,20194497.0,A,Official figure,
QCL,Crops and livestock products,185,Russian Federation,5111,Stocks,1749,Sheep and Goats,2008,2008,An,21503233.0,A,Official figure,
QCL,Crops and livestock products,185,Russian Federation,5111,Stocks,1749,Sheep and Goats,2009,2009,An,21770196.0,A,Official figure,
QCL,Crops and livestock products,185,Russian Federation,5111,Stocks,1749,Sheep and Goats,2010,2010,An,21986307.0,A,Official figure,
QCL,Crops and livestock products,185,Russian Federation,5111,Stocks,1749,Sheep and Goats,2011,2011,An,21819878.0,A,Official figure,
QCL,Crops and livestock products,185,Russian Federation,5111,Stocks,1749,Sheep and Goats,2012,2012,An,22857965.0,A,Official figure,
QCL,Crops and livestock products,185,Russian Federation,5111,Stocks,1749,Sheep and Goats,2013,2013,An,24179979.0,A,Official figure,
QCL,Crops and livestock products,185,Russian Federation,5111,Stocks,1749,Sheep and Goats,2014,2014,An,24337359.0,A,Official figure,
QCL,Crops and livestock products,185,Russian Federation,5111,Stocks,1749,Sheep and Goats,2015,2015,An,24682716.0,A,Official figure,
QCL,Crops and livestock products,185,Russian Federation,5111,Stocks,1749,Sheep and Goats,2016,2016,An,24606490.0,A,Official figure,
QCL,Crops and livestock products,185,Russian Federation,5111,Stocks,1749,Sheep and Goats,2017,2017,An,24716880.0,A,Official figure,
QCL,Crops and livestock products,185,Russian Federation,5111,Stocks,1749,Sheep and Goats,2018,2018,An,24389074.0,A,Official figure,
QCL,Crops and livestock products,185,Russian Federation,5111,Stocks,1749,Sheep and Goats,2019,2019,An,23129296.0,A,Official figure,
QCL,Crops and livestock products,185,Russian Federation,5111,Stocks,1749,Sheep and Goats,2020,2020,An,22617572.0,A,Official figure,
QCL,Crops and livestock products,185,Russian Federation,5111,Stocks,1749,Sheep and Goats,2021,2021,An,21659914.0,A,Official figure,
QCL,Crops and livestock products,185,Russian Federation,5111,Stocks,1749,Sheep and Goats,2022,2022,An,20959337.0,A,Official figure,
