Domain Code,Domain,Area Code,Area,Element Code,Element,Item Code,Item,Year Code,Year,Source Code,Source,Unit,Value,Flag,Flag Description,Note
GLE,Emissions from Livestock,52,Azerbaijan,5111,Stocks,1107,Asses,1992,1992,3050,FAO TIER 1,An,27400,A,Official figure,
GLE,Emissions from Livestock,52,Azerbaijan,5111,Stocks,1107,Asses,1993,1993,3050,FAO TIER 1,An,24100,A,Official figure,
GLE,Emissions from Livestock,52,Azerbaijan,5111,Stocks,1107,Asses,1994,1994,3050,FAO TIER 1,An,20100,A,Official figure,
GLE,Emissions from Livestock,52,Azerbaijan,5111,Stocks,1107,Asses,1995,1995,3050,FAO TIER 1,An,22400,A,Official figure,
GLE,Emissions from Livestock,52,Azerbaijan,5111,Stocks,1107,Asses,1996,1996,3050,FAO TIER 1,An,24800,A,Official figure,
GLE,Emissions from Livestock,52,Azerbaijan,5111,Stocks,1107,Asses,1997,1997,3050,FAO TIER 1,An,28300,A,Official figure,
GLE,Emissions from Livestock,52,Azerbaijan,5111,Stocks,1107,Asses,1998,1998,3050,FAO TIER 1,An,31100,A,Official figure,
GLE,Emissions from Livestock,52,Azerbaijan,5111,Stocks,1107,Asses,1999,1999,3050,FAO TIER 1,An,32800,A,Official figure,
GLE,Emissions from Livestock,52,Azerbaijan,5111,Stocks,1107,Asses,2000,2000,3050,FAO TIER 1,An,35500,A,Official figure,
GLE,Emissions from Livestock,52,Azerbaijan,5111,Stocks,1107,Asses,2001,2001,3050,FAO TIER 1,An,37700,A,Official figure,
GLE,Emissions from Livestock,52,Azerbaijan,5111,Stocks,1107,Asses,2002,2002,3050,FAO TIER 1,An,39100,A,Official figure,
GLE,Emissions from Livestock,52,Azerbaijan,5111,Stocks,1107,Asses,2003,2003,3050,FAO TIER 1,An,40200,A,Official figure,
GLE,Emissions from Livestock,52,Azerbaijan,5111,Stocks,1107,Asses,2004,2004,3050,FAO TIER 1,An,42200,A,Official figure,
GLE,Emissions from Livestock,52,Azerbaijan,5111,Stocks,1107,Asses,2005,2005,3050,FAO TIER 1,An,44500,A,Official figure,
GLE,Emissions from Livestock,52,Azerbaijan,5111,Stocks,1107,Asses,2006,2006,3050,FAO TIER 1,An,45400,A,Official figure,
GLE,Emissions from Livestock,52,Azerbaijan,5111,Stocks,1107,Asses,2007,2007,3050,FAO TIER 1,An,46253,A,Official figure,
GLE,Emissions from Livestock,52,Azerbaijan,5111,Stocks,1107,Asses,2008,2008,3050,FAO TIER 1,An,47209,A,Official figure,
GLE,Emissions from Livestock,52,Azerbaijan,5111,Stocks,1107,Asses,2009,2009,3050,FAO TIER 1,An,46431,A,Official figure,
GLE,Emissions from Livestock,52,Azerbaijan,5111,Stocks,1107,Asses,2010,2010,3050,FAO TIER 1,An,46057,A,Official figure,
GLE,Emissions from Livestock,52,Azerbaijan,5111,Stocks,1107,Asses,2011,2011,3050,FAO TIER 1,An,45939,A,Official figure,
GLE,Emissions from Livestock,52,Azerbaijan,5111,Stocks,1107,Asses,2012,2012,3050,FAO TIER 1,An,44301,A,Official figure,
GLE,Emissions from Livestock,52,Azerbaijan,5111,Stocks,1107,Asses,2013,2013,3050,FAO TIER 1,An,43425,A,Official figure,
GLE,Emissions from Livestock,52,Azerbaijan,5111,Stocks,1107,Asses,2014,2014,3050,FAO TIER 1,An,39992,A,Official figure,
GLE,Emissions from Livestock,52,Azerbaijan,5111,Stocks,1107,Asses,2015,2015,3050,FAO TIER 1,An,35816,A,Official figure,
GLE,Emissions from Livestock,52,Azerbaijan,5111,Stocks,1107,Asses,2016,2016,3050,FAO TIER 1,An,34068,A,Official figure,
GLE,Emissions from Livestock,52,Azerbaijan,5111,Stocks,1107,Asses,2017,2017,3050,FAO TIER 1,An,30854,A,Official figure,
GLE,Emissions from Livestock,52,Azerbaijan,5111,Stocks,1107,Asses,2018,2018,3050,FAO TIER 1,An,28040,A,Official figure,
GLE,Emissions from Livestock,52,Azerbaijan,5111,Stocks,1107,Asses,2019,2019,3050,FAO TIER 1,An,25780,A,Official figure,
GLE,Emissions from Livestock,52,Azerbaijan,5111,Stocks,1107,Asses,2020,2020,3050,FAO TIER 1,An,23419,A,Official figure,
GLE,Emissions from Livestock,52,Azerbaijan,5111,Stocks,1107,Asses,2021,2021,3050,FAO TIER 1,An,21047,A,Official figure,
GLE,Emissions from Livestock,52,Azerbaijan,5111,Stocks,1107,Asses,2030,2030,3050,FAO TIER 1,An,45384,F,Forecast value,
GLE,Emissions from Livestock,52,Azerbaijan,5111,Stocks,1107,Asses,2050,2050,3050,FAO TIER 1,An,45384,F,Forecast value,
GLE,Emissions from Livestock,52,Azerbaijan,5111,Stocks,946,Buffalo,1992,1992,3050,FAO TIER 1,An,292900,A,Official figure,
GLE,Emissions from Livestock,52,Azerbaijan,5111,Stocks,946,Buffalo,1993,1993,3050,FAO TIER 1,An,297600,A,Official figure,
GLE,Emissions from Livestock,52,Azerbaijan,5111,Stocks,946,Buffalo,1994,1994,3050,FAO TIER 1,An,290900,A,Official figure,
GLE,Emissions from Livestock,52,Azerbaijan,5111,Stocks,946,Buffalo,1995,1995,3050,FAO TIER 1,An,291900,A,Official figure,
GLE,Emissions from Livestock,52,Azerbaijan,5111,Stocks,946,Buffalo,1996,1996,3050,FAO TIER 1,An,298000,A,Official figure,
GLE,Emissions from Livestock,52,Azerbaijan,5111,Stocks,946,Buffalo,1997,1997,3050,FAO TIER 1,An,302000,A,Official figure,
GLE,Emissions from Livestock,52,Azerbaijan,5111,Stocks,946,Buffalo,1998,1998,3050,FAO TIER 1,An,293300,A,Official figure,
GLE,Emissions from Livestock,52,Azerbaijan,5111,Stocks,946,Buffalo,1999,1999,3050,FAO TIER 1,An,292144,A,Official figure,
GLE,Emissions from Livestock,52,Azerbaijan,5111,Stocks,946,Buffalo,2000,2000,3050,FAO TIER 1,An,296981,A,Official figure,
GLE,Emissions from Livestock,52,Azerbaijan,5111,Stocks,946,Buffalo,2001,2001,3050,FAO TIER 1,An,298649,A,Official figure,
GLE,Emissions from Livestock,52,Azerbaijan,5111,Stocks,946,Buffalo,2002,2002,3050,FAO TIER 1,An,303559,A,Official figure,
GLE,Emissions from Livestock,52,Azerbaijan,5111,Stocks,946,Buffalo,2003,2003,3050,FAO TIER 1,An,306356,A,Official figure,
GLE,Emissions from Livestock,52,Azerbaijan,5111,Stocks,946,Buffalo,2004,2004,3050,FAO TIER 1,An,307359,A,Official figure,
GLE,Emissions from Livestock,52,Azerbaijan,5111,Stocks,946,Buffalo,2005,2005,3050,FAO TIER 1,An,308551,A,Official figure,
GLE,Emissions from Livestock,52,Azerbaijan,5111,Stocks,946,Buffalo,2006,2006,3050,FAO TIER 1,An,302887,A,Official figure,
GLE,Emissions from Livestock,52,Azerbaijan,5111,Stocks,946,Buffalo,2007,2007,3050,FAO TIER 1,An,299121,A,Official figure,
GLE,Emissions from Livestock,52,Azerbaijan,5111,Stocks,946,Buffalo,2008,2008,3050,FAO TIER 1,An,298975,A,Official figure,
GLE,Emissions from Livestock,52,Azerbaijan,5111,Stocks,946,Buffalo,2009,2009,3050,FAO TIER 1,An,288832,A,Official figure,
GLE,Emissions from Livestock,52,Azerbaijan,5111,Stocks,946,Buffalo,2010,2010,3050,FAO TIER 1,An,277400,A,Official figure,
GLE,Emissions from Livestock,52,Azerbaijan,5111,Stocks,946,Buffalo,2011,2011,3050,FAO TIER 1,An,269386,A,Official figure,
GLE,Emissions from Livestock,52,Azerbaijan,5111,Stocks,946,Buffalo,2012,2012,3050,FAO TIER 1,An,265872,A,Official figure,
GLE,Emissions from Livestock,52,Azerbaijan,5111,Stocks,946,Buffalo,2013,2013,3050,FAO TIER 1,An,260889,A,Official figure,
GLE,Emissions from Livestock,52,Azerbaijan,5111,Stocks,946,Buffalo,2014,2014,3050,FAO TIER 1,An,252317,A,Official figure,
GLE,Emissions from Livestock,52,Azerbaijan,5111,Stocks,946,Buffalo,2015,2015,3050,FAO TIER 1,An,242294,A,Official figure,
GLE,Emissions from Livestock,52,Azerbaijan,5111,Stocks,946,Buffalo,2016,2016,3050,FAO TIER 1,An,214224,A,Official figure,
GLE,Emissions from Livestock,52,Azerbaijan,5111,Stocks,946,Buffalo,2017,2017,3050,FAO TIER 1,An,196651,A,Official figure,
GLE,Emissions from Livestock,52,Azerbaijan,5111,Stocks,946,Buffalo,2018,2018,3050,FAO TIER 1,An,176195,A,Official figure,
GLE,Emissions from Livestock,52,Azerbaijan,5111,Stocks,946,Buffalo,2019,2019,3050,FAO TIER 1,An,162475,A,Official figure,
GLE,Emissions from Livestock,52,Azerbaijan,5111,Stocks,946,Buffalo,2020,2020,3050,FAO TIER 1,An,146652,A,Official figure,
GLE,Emissions from Livestock,52,Azerbaijan,5111,Stocks,946,Buffalo,2021,2021,3050,FAO TIER 1,An,129137,A,Official figure,
GLE,Emissions from Livestock,52,Azerbaijan,5111,Stocks,946,Buffalo,2030,2030,3050,FAO TIER 1,An,376811,F,Forecast value,
GLE,Emissions from Livestock,52,Azerbaijan,5111,Stocks,946,Buffalo,2050,2050,3050,FAO TIER 1,An,433577,F,Forecast value,
GLE,Emissions from Livestock,52,Azerbaijan,5111,Stocks,1126,Camels,1992,1992,3050,FAO TIER 1,An,200,A,Official figure,
GLE,Emissions from Livestock,52,Azerbaijan,5111,Stocks,1126,Camels,1993,1993,3050,FAO TIER 1,An,200,A,Official figure,
GLE,Emissions from Livestock,52,Azerbaijan,5111,Stocks,1126,Camels,1994,1994,3050,FAO TIER 1,An,200,A,Official figure,
GLE,Emissions from Livestock,52,Azerbaijan,5111,Stocks,1126,Camels,1995,1995,3050,FAO TIER 1,An,100,A,Official figure,
GLE,Emissions from Livestock,52,Azerbaijan,5111,Stocks,1126,Camels,1996,1996,3050,FAO TIER 1,An,100,A,Official figure,
GLE,Emissions from Livestock,52,Azerbaijan,5111,Stocks,1126,Camels,1997,1997,3050,FAO TIER 1,An,200,A,Official figure,
GLE,Emissions from Livestock,52,Azerbaijan,5111,Stocks,1126,Camels,1998,1998,3050,FAO TIER 1,An,100,A,Official figure,
GLE,Emissions from Livestock,52,Azerbaijan,5111,Stocks,1126,Camels,1999,1999,3050,FAO TIER 1,An,100,A,Official figure,
GLE,Emissions from Livestock,52,Azerbaijan,5111,Stocks,1126,Camels,2000,2000,3050,FAO TIER 1,An,100,A,Official figure,
GLE,Emissions from Livestock,52,Azerbaijan,5111,Stocks,1126,Camels,2001,2001,3050,FAO TIER 1,An,100,A,Official figure,
GLE,Emissions from Livestock,52,Azerbaijan,5111,Stocks,1126,Camels,2002,2002,3050,FAO TIER 1,An,100,A,Official figure,
GLE,Emissions from Livestock,52,Azerbaijan,5111,Stocks,1126,Camels,2003,2003,3050,FAO TIER 1,An,224,A,Official figure,
GLE,Emissions from Livestock,52,Azerbaijan,5111,Stocks,1126,Camels,2004,2004,3050,FAO TIER 1,An,201,A,Official figure,
GLE,Emissions from Livestock,52,Azerbaijan,5111,Stocks,1126,Camels,2005,2005,3050,FAO TIER 1,An,191,A,Official figure,
GLE,Emissions from Livestock,52,Azerbaijan,5111,Stocks,1126,Camels,2006,2006,3050,FAO TIER 1,An,200,A,Official figure,
GLE,Emissions from Livestock,52,Azerbaijan,5111,Stocks,1126,Camels,2007,2007,3050,FAO TIER 1,An,201,A,Official figure,
GLE,Emissions from Livestock,52,Azerbaijan,5111,Stocks,1126,Camels,2008,2008,3050,FAO TIER 1,An,222,A,Official figure,
GLE,Emissions from Livestock,52,Azerbaijan,5111,Stocks,1126,Camels,2009,2009,3050,FAO TIER 1,An,226,A,Official figure,
GLE,Emissions from Livestock,52,Azerbaijan,5111,Stocks,1126,Camels,2010,2010,3050,FAO TIER 1,An,216,A,Official figure,
GLE,Emissions from Livestock,52,Azerbaijan,5111,Stocks,1126,Camels,2011,2011,3050,FAO TIER 1,An,263,A,Official figure,
GLE,Emissions from Livestock,52,Azerbaijan,5111,Stocks,1126,Camels,2012,2012,3050,FAO TIER 1,An,272,A,Official figure,
GLE,Emissions from Livestock,52,Azerbaijan,5111,Stocks,1126,Camels,2013,2013,3050,FAO TIER 1,An,288,A,Official figure,
GLE,Emissions from Livestock,52,Azerbaijan,5111,Stocks,1126,Camels,2014,2014,3050,FAO TIER 1,An,258,A,Official figure,
GLE,Emissions from Livestock,52,Azerbaijan,5111,Stocks,1126,Camels,2015,2015,3050,FAO TIER 1,An,242,A,Official figure,
GLE,Emissions from Livestock,52,Azerbaijan,5111,Stocks,1126,Camels,2016,2016,3050,FAO TIER 1,An,236,A,Official figure,
GLE,Emissions from Livestock,52,Azerbaijan,5111,Stocks,1126,Camels,2017,2017,3050,FAO TIER 1,An,222,A,Official figure,
GLE,Emissions from Livestock,52,Azerbaijan,5111,Stocks,1126,Camels,2018,2018,3050,FAO TIER 1,An,239,A,Official figure,
GLE,Emissions from Livestock,52,Azerbaijan,5111,Stocks,1126,Camels,2019,2019,3050,FAO TIER 1,An,213,A,Official figure,
GLE,Emissions from Livestock,52,Azerbaijan,5111,Stocks,1126,Camels,2020,2020,3050,FAO TIER 1,An,209,A,Official figure,
GLE,Emissions from Livestock,52,Azerbaijan,5111,Stocks,1126,Camels,2021,2021,3050,FAO TIER 1,An,332,A,Official figure,
GLE,Emissions from Livestock,52,Azerbaijan,5111,Stocks,1126,Camels,2030,2030,3050,FAO TIER 1,An,197,F,Forecast value,
GLE,Emissions from Livestock,52,Azerbaijan,5111,Stocks,1126,Camels,2050,2050,3050,FAO TIER 1,An,197,F,Forecast value,
GLE,Emissions from Livestock,52,Azerbaijan,5111,Stocks,960,"Cattle, dairy",1992,1992,3050,FAO TIER 1,An,619600,E,Estimated value,
GLE,Emissions from Livestock,52,Azerbaijan,5111,Stocks,960,"Cattle, dairy",1993,1993,3050,FAO TIER 1,An,615800,E,Estimated value,
GLE,Emissions from Livestock,52,Azerbaijan,5111,Stocks,960,"Cattle, dairy",1994,1994,3050,FAO TIER 1,An,593800,E,Estimated value,
GLE,Emissions from Livestock,52,Azerbaijan,5111,Stocks,960,"Cattle, dairy",1995,1995,3050,FAO TIER 1,An,619600,E,Estimated value,
GLE,Emissions from Livestock,52,Azerbaijan,5111,Stocks,960,"Cattle, dairy",1996,1996,3050,FAO TIER 1,An,644600,E,Estimated value,
GLE,Emissions from Livestock,52,Azerbaijan,5111,Stocks,960,"Cattle, dairy",1997,1997,3050,FAO TIER 1,An,691800,E,Estimated value,
GLE,Emissions from Livestock,52,Azerbaijan,5111,Stocks,960,"Cattle, dairy",1998,1998,3050,FAO TIER 1,An,727400,E,Estimated value,
GLE,Emissions from Livestock,52,Azerbaijan,5111,Stocks,960,"Cattle, dairy",1999,1999,3050,FAO TIER 1,An,760000,E,Estimated value,
GLE,Emissions from Livestock,52,Azerbaijan,5111,Stocks,960,"Cattle, dairy",2000,2000,3050,FAO TIER 1,An,786500,E,Estimated value,
GLE,Emissions from Livestock,52,Azerbaijan,5111,Stocks,960,"Cattle, dairy",2001,2001,3050,FAO TIER 1,An,958917,E,Estimated value,
GLE,Emissions from Livestock,52,Azerbaijan,5111,Stocks,960,"Cattle, dairy",2002,2002,3050,FAO TIER 1,An,859000,E,Estimated value,
GLE,Emissions from Livestock,52,Azerbaijan,5111,Stocks,960,"Cattle, dairy",2003,2003,3050,FAO TIER 1,An,897708,E,Estimated value,
GLE,Emissions from Livestock,52,Azerbaijan,5111,Stocks,960,"Cattle, dairy",2004,2004,3050,FAO TIER 1,An,930900,E,Estimated value,
GLE,Emissions from Livestock,52,Azerbaijan,5111,Stocks,960,"Cattle, dairy",2005,2005,3050,FAO TIER 1,An,969100,E,Estimated value,
GLE,Emissions from Livestock,52,Azerbaijan,5111,Stocks,960,"Cattle, dairy",2006,2006,3050,FAO TIER 1,An,1151340,E,Estimated value,
GLE,Emissions from Livestock,52,Azerbaijan,5111,Stocks,960,"Cattle, dairy",2007,2007,3050,FAO TIER 1,An,1216833,E,Estimated value,
GLE,Emissions from Livestock,52,Azerbaijan,5111,Stocks,960,"Cattle, dairy",2008,2008,3050,FAO TIER 1,An,1242132,E,Estimated value,
GLE,Emissions from Livestock,52,Azerbaijan,5111,Stocks,960,"Cattle, dairy",2009,2009,3050,FAO TIER 1,An,1263475,E,Estimated value,
GLE,Emissions from Livestock,52,Azerbaijan,5111,Stocks,960,"Cattle, dairy",2010,2010,3050,FAO TIER 1,An,1277357,E,Estimated value,
GLE,Emissions from Livestock,52,Azerbaijan,5111,Stocks,960,"Cattle, dairy",2011,2011,3050,FAO TIER 1,An,1272020,E,Estimated value,
GLE,Emissions from Livestock,52,Azerbaijan,5111,Stocks,960,"Cattle, dairy",2012,2012,3050,FAO TIER 1,An,1271565,E,Estimated value,
GLE,Emissions from Livestock,52,Azerbaijan,5111,Stocks,960,"Cattle, dairy",2013,2013,3050,FAO TIER 1,An,1289180,E,Estimated value,
GLE,Emissions from Livestock,52,Azerbaijan,5111,Stocks,960,"Cattle, dairy",2014,2014,3050,FAO TIER 1,An,1301565,E,Estimated value,
GLE,Emissions from Livestock,52,Azerbaijan,5111,Stocks,960,"Cattle, dairy",2015,2015,3050,FAO TIER 1,An,1299231,E,Estimated value,
GLE,Emissions from Livestock,52,Azerbaijan,5111,Stocks,960,"Cattle, dairy",2016,2016,3050,FAO TIER 1,An,1302963,E,Estimated value,
GLE,Emissions from Livestock,52,Azerbaijan,5111,Stocks,960,"Cattle, dairy",2017,2017,3050,FAO TIER 1,An,1299033,E,Estimated value,
GLE,Emissions from Livestock,52,Azerbaijan,5111,Stocks,960,"Cattle, dairy",2018,2018,3050,FAO TIER 1,An,1285784,E,Estimated value,
GLE,Emissions from Livestock,52,Azerbaijan,5111,Stocks,960,"Cattle, dairy",2019,2019,3050,FAO TIER 1,An,1279096,E,Estimated value,
GLE,Emissions from Livestock,52,Azerbaijan,5111,Stocks,960,"Cattle, dairy",2020,2020,3050,FAO TIER 1,An,1278208,E,Estimated value,
GLE,Emissions from Livestock,52,Azerbaijan,5111,Stocks,960,"Cattle, dairy",2021,2021,3050,FAO TIER 1,An,1280513,E,Estimated value,
GLE,Emissions from Livestock,52,Azerbaijan,5111,Stocks,960,"Cattle, dairy",2030,2030,3050,FAO TIER 1,An,1367686,F,Forecast value,
GLE,Emissions from Livestock,52,Azerbaijan,5111,Stocks,960,"Cattle, dairy",2050,2050,3050,FAO TIER 1,An,1510803,F,Forecast value,
GLE,Emissions from Livestock,52,Azerbaijan,5111,Stocks,961,"Cattle, non-dairy",1992,1992,3050,FAO TIER 1,An,913700,E,Estimated value,
GLE,Emissions from Livestock,52,Azerbaijan,5111,Stocks,961,"Cattle, non-dairy",1993,1993,3050,FAO TIER 1,An,817500,E,Estimated value,
GLE,Emissions from Livestock,52,Azerbaijan,5111,Stocks,961,"Cattle, non-dairy",1994,1994,3050,FAO TIER 1,An,736600,E,Estimated value,
GLE,Emissions from Livestock,52,Azerbaijan,5111,Stocks,961,"Cattle, non-dairy",1995,1995,3050,FAO TIER 1,An,721300,E,Estimated value,
GLE,Emissions from Livestock,52,Azerbaijan,5111,Stocks,961,"Cattle, non-dairy",1996,1996,3050,FAO TIER 1,An,739100,E,Estimated value,
GLE,Emissions from Livestock,52,Azerbaijan,5111,Stocks,961,"Cattle, non-dairy",1997,1997,3050,FAO TIER 1,An,786100,E,Estimated value,
GLE,Emissions from Livestock,52,Azerbaijan,5111,Stocks,961,"Cattle, non-dairy",1998,1998,3050,FAO TIER 1,An,822800,E,Estimated value,
GLE,Emissions from Livestock,52,Azerbaijan,5111,Stocks,961,"Cattle, non-dairy",1999,1999,3050,FAO TIER 1,An,861100,E,Estimated value,
GLE,Emissions from Livestock,52,Azerbaijan,5111,Stocks,961,"Cattle, non-dairy",2000,2000,3050,FAO TIER 1,An,877900,E,Estimated value,
GLE,Emissions from Livestock,52,Azerbaijan,5111,Stocks,961,"Cattle, non-dairy",2001,2001,3050,FAO TIER 1,An,763983,E,Estimated value,
GLE,Emissions from Livestock,52,Azerbaijan,5111,Stocks,961,"Cattle, non-dairy",2002,2002,3050,FAO TIER 1,An,935300,E,Estimated value,
GLE,Emissions from Livestock,52,Azerbaijan,5111,Stocks,961,"Cattle, non-dairy",2003,2003,3050,FAO TIER 1,An,974492,E,Estimated value,
GLE,Emissions from Livestock,52,Azerbaijan,5111,Stocks,961,"Cattle, non-dairy",2004,2004,3050,FAO TIER 1,An,1003520,E,Estimated value,
GLE,Emissions from Livestock,52,Azerbaijan,5111,Stocks,961,"Cattle, non-dairy",2005,2005,3050,FAO TIER 1,An,1038110,E,Estimated value,
GLE,Emissions from Livestock,52,Azerbaijan,5111,Stocks,961,"Cattle, non-dairy",2006,2006,3050,FAO TIER 1,An,915660,E,Estimated value,
GLE,Emissions from Livestock,52,Azerbaijan,5111,Stocks,961,"Cattle, non-dairy",2007,2007,3050,FAO TIER 1,An,906167,E,Estimated value,
GLE,Emissions from Livestock,52,Azerbaijan,5111,Stocks,961,"Cattle, non-dairy",2008,2008,3050,FAO TIER 1,An,945968,E,Estimated value,
GLE,Emissions from Livestock,52,Azerbaijan,5111,Stocks,961,"Cattle, non-dairy",2009,2009,3050,FAO TIER 1,An,991525,E,Estimated value,
GLE,Emissions from Livestock,52,Azerbaijan,5111,Stocks,961,"Cattle, non-dairy",2010,2010,3050,FAO TIER 1,An,1022343,E,Estimated value,
GLE,Emissions from Livestock,52,Azerbaijan,5111,Stocks,961,"Cattle, non-dairy",2011,2011,3050,FAO TIER 1,An,1064580,E,Estimated value,
GLE,Emissions from Livestock,52,Azerbaijan,5111,Stocks,961,"Cattle, non-dairy",2012,2012,3050,FAO TIER 1,An,1106935,E,Estimated value,
GLE,Emissions from Livestock,52,Azerbaijan,5111,Stocks,961,"Cattle, non-dairy",2013,2013,3050,FAO TIER 1,An,1123120,E,Estimated value,
GLE,Emissions from Livestock,52,Azerbaijan,5111,Stocks,961,"Cattle, non-dairy",2014,2014,3050,FAO TIER 1,An,1143613,E,Estimated value,
GLE,Emissions from Livestock,52,Azerbaijan,5111,Stocks,961,"Cattle, non-dairy",2015,2015,3050,FAO TIER 1,An,1166766,E,Estimated value,
GLE,Emissions from Livestock,52,Azerbaijan,5111,Stocks,961,"Cattle, non-dairy",2016,2016,3050,FAO TIER 1,An,1181309,E,Estimated value,
GLE,Emissions from Livestock,52,Azerbaijan,5111,Stocks,961,"Cattle, non-dairy",2017,2017,3050,FAO TIER 1,An,1177306,E,Estimated value,
GLE,Emissions from Livestock,52,Azerbaijan,5111,Stocks,961,"Cattle, non-dairy",2018,2018,3050,FAO TIER 1,An,1196843,E,Estimated value,
GLE,Emissions from Livestock,52,Azerbaijan,5111,Stocks,961,"Cattle, non-dairy",2019,2019,3050,FAO TIER 1,An,1205058,E,Estimated value,
GLE,Emissions from Livestock,52,Azerbaijan,5111,Stocks,961,"Cattle, non-dairy",2020,2020,3050,FAO TIER 1,An,1225840,E,Estimated value,
GLE,Emissions from Livestock,52,Azerbaijan,5111,Stocks,961,"Cattle, non-dairy",2021,2021,3050,FAO TIER 1,An,1239179,E,Estimated value,
GLE,Emissions from Livestock,52,Azerbaijan,5111,Stocks,961,"Cattle, non-dairy",2030,2030,3050,FAO TIER 1,An,1183510,F,Forecast value,
GLE,Emissions from Livestock,52,Azerbaijan,5111,Stocks,961,"Cattle, non-dairy",2050,2050,3050,FAO TIER 1,An,1361805,F,Forecast value,
GLE,Emissions from Livestock,52,Azerbaijan,5111,Stocks,1053,"Chickens, broilers",1992,1992,3050,FAO TIER 1,An,18665000,E,Estimated value,
GLE,Emissions from Livestock,52,Azerbaijan,5111,Stocks,1053,"Chickens, broilers",1993,1993,3050,FAO TIER 1,An,13704000,E,Estimated value,
GLE,Emissions from Livestock,52,Azerbaijan,5111,Stocks,1053,"Chickens, broilers",1994,1994,3050,FAO TIER 1,An,8832000,E,Estimated value,
GLE,Emissions from Livestock,52,Azerbaijan,5111,Stocks,1053,"Chickens, broilers",1995,1995,3050,FAO TIER 1,An,7494000,E,Estimated value,
GLE,Emissions from Livestock,52,Azerbaijan,5111,Stocks,1053,"Chickens, broilers",1996,1996,3050,FAO TIER 1,An,7660000,E,Estimated value,
GLE,Emissions from Livestock,52,Azerbaijan,5111,Stocks,1053,"Chickens, broilers",1997,1997,3050,FAO TIER 1,An,8700000,E,Estimated value,
GLE,Emissions from Livestock,52,Azerbaijan,5111,Stocks,1053,"Chickens, broilers",1998,1998,3050,FAO TIER 1,An,10511460,E,Estimated value,
GLE,Emissions from Livestock,52,Azerbaijan,5111,Stocks,1053,"Chickens, broilers",1999,1999,3050,FAO TIER 1,An,9844000,E,Estimated value,
GLE,Emissions from Livestock,52,Azerbaijan,5111,Stocks,1053,"Chickens, broilers",2000,2000,3050,FAO TIER 1,An,10990000,E,Estimated value,
GLE,Emissions from Livestock,52,Azerbaijan,5111,Stocks,1053,"Chickens, broilers",2001,2001,3050,FAO TIER 1,An,10570000,E,Estimated value,
GLE,Emissions from Livestock,52,Azerbaijan,5111,Stocks,1053,"Chickens, broilers",2002,2002,3050,FAO TIER 1,An,11900000,E,Estimated value,
GLE,Emissions from Livestock,52,Azerbaijan,5111,Stocks,1053,"Chickens, broilers",2003,2003,3050,FAO TIER 1,An,13000000,E,Estimated value,
GLE,Emissions from Livestock,52,Azerbaijan,5111,Stocks,1053,"Chickens, broilers",2004,2004,3050,FAO TIER 1,An,12671000,E,Estimated value,
GLE,Emissions from Livestock,52,Azerbaijan,5111,Stocks,1053,"Chickens, broilers",2005,2005,3050,FAO TIER 1,An,13480000,E,Estimated value,
GLE,Emissions from Livestock,52,Azerbaijan,5111,Stocks,1053,"Chickens, broilers",2006,2006,3050,FAO TIER 1,An,12650000,E,Estimated value,
GLE,Emissions from Livestock,52,Azerbaijan,5111,Stocks,1053,"Chickens, broilers",2007,2007,3050,FAO TIER 1,An,12250000,E,Estimated value,
GLE,Emissions from Livestock,52,Azerbaijan,5111,Stocks,1053,"Chickens, broilers",2008,2008,3050,FAO TIER 1,An,13325000,E,Estimated value,
GLE,Emissions from Livestock,52,Azerbaijan,5111,Stocks,1053,"Chickens, broilers",2009,2009,3050,FAO TIER 1,An,8721000,E,Estimated value,
GLE,Emissions from Livestock,52,Azerbaijan,5111,Stocks,1053,"Chickens, broilers",2010,2010,3050,FAO TIER 1,An,8196000,E,Estimated value,
GLE,Emissions from Livestock,52,Azerbaijan,5111,Stocks,1053,"Chickens, broilers",2011,2011,3050,FAO TIER 1,An,10411000,E,Estimated value,
GLE,Emissions from Livestock,52,Azerbaijan,5111,Stocks,1053,"Chickens, broilers",2012,2012,3050,FAO TIER 1,An,9926000,E,Estimated value,
GLE,Emissions from Livestock,52,Azerbaijan,5111,Stocks,1053,"Chickens, broilers",2013,2013,3050,FAO TIER 1,An,10200000,E,Estimated value,
GLE,Emissions from Livestock,52,Azerbaijan,5111,Stocks,1053,"Chickens, broilers",2014,2014,3050,FAO TIER 1,An,14072000,E,Estimated value,
GLE,Emissions from Livestock,52,Azerbaijan,5111,Stocks,1053,"Chickens, broilers",2015,2015,3050,FAO TIER 1,An,12689000,E,Estimated value,
GLE,Emissions from Livestock,52,Azerbaijan,5111,Stocks,1053,"Chickens, broilers",2016,2016,3050,FAO TIER 1,An,12609000,E,Estimated value,
GLE,Emissions from Livestock,52,Azerbaijan,5111,Stocks,1053,"Chickens, broilers",2017,2017,3050,FAO TIER 1,An,14827000,E,Estimated value,
GLE,Emissions from Livestock,52,Azerbaijan,5111,Stocks,1053,"Chickens, broilers",2018,2018,3050,FAO TIER 1,An,15786000,E,Estimated value,
GLE,Emissions from Livestock,52,Azerbaijan,5111,Stocks,1053,"Chickens, broilers",2019,2019,3050,FAO TIER 1,An,17328000,E,Estimated value,
GLE,Emissions from Livestock,52,Azerbaijan,5111,Stocks,1053,"Chickens, broilers",2020,2020,3050,FAO TIER 1,An,15731000,E,Estimated value,
GLE,Emissions from Livestock,52,Azerbaijan,5111,Stocks,1053,"Chickens, broilers",2021,2021,3050,FAO TIER 1,An,15837000,E,Estimated value,
GLE,Emissions from Livestock,52,Azerbaijan,5111,Stocks,1053,"Chickens, broilers",2030,2030,3050,FAO TIER 1,An,22239422,F,Forecast value,
GLE,Emissions from Livestock,52,Azerbaijan,5111,Stocks,1053,"Chickens, broilers",2050,2050,3050,FAO TIER 1,An,29856897,F,Forecast value,
GLE,Emissions from Livestock,52,Azerbaijan,5111,Stocks,1052,"Chickens, layers",1992,1992,3050,FAO TIER 1,An,8000000,E,Estimated value,
GLE,Emissions from Livestock,52,Azerbaijan,5111,Stocks,1052,"Chickens, layers",1993,1993,3050,FAO TIER 1,An,7000000,E,Estimated value,
GLE,Emissions from Livestock,52,Azerbaijan,5111,Stocks,1052,"Chickens, layers",1994,1994,3050,FAO TIER 1,An,7200000,E,Estimated value,
GLE,Emissions from Livestock,52,Azerbaijan,5111,Stocks,1052,"Chickens, layers",1995,1995,3050,FAO TIER 1,An,6106000,E,Estimated value,
GLE,Emissions from Livestock,52,Azerbaijan,5111,Stocks,1052,"Chickens, layers",1996,1996,3050,FAO TIER 1,An,5040000,E,Estimated value,
GLE,Emissions from Livestock,52,Azerbaijan,5111,Stocks,1052,"Chickens, layers",1997,1997,3050,FAO TIER 1,An,4000000,E,Estimated value,
GLE,Emissions from Livestock,52,Azerbaijan,5111,Stocks,1052,"Chickens, layers",1998,1998,3050,FAO TIER 1,An,3688540,E,Estimated value,
GLE,Emissions from Livestock,52,Azerbaijan,5111,Stocks,1052,"Chickens, layers",1999,1999,3050,FAO TIER 1,An,3556000,E,Estimated value,
GLE,Emissions from Livestock,52,Azerbaijan,5111,Stocks,1052,"Chickens, layers",2000,2000,3050,FAO TIER 1,An,3210000,E,Estimated value,
GLE,Emissions from Livestock,52,Azerbaijan,5111,Stocks,1052,"Chickens, layers",2001,2001,3050,FAO TIER 1,An,3630000,E,Estimated value,
GLE,Emissions from Livestock,52,Azerbaijan,5111,Stocks,1052,"Chickens, layers",2002,2002,3050,FAO TIER 1,An,3900000,E,Estimated value,
GLE,Emissions from Livestock,52,Azerbaijan,5111,Stocks,1052,"Chickens, layers",2003,2003,3050,FAO TIER 1,An,3600000,E,Estimated value,
GLE,Emissions from Livestock,52,Azerbaijan,5111,Stocks,1052,"Chickens, layers",2004,2004,3050,FAO TIER 1,An,4229000,E,Estimated value,
GLE,Emissions from Livestock,52,Azerbaijan,5111,Stocks,1052,"Chickens, layers",2005,2005,3050,FAO TIER 1,An,4020000,E,Estimated value,
GLE,Emissions from Livestock,52,Azerbaijan,5111,Stocks,1052,"Chickens, layers",2006,2006,3050,FAO TIER 1,An,5940000,E,Estimated value,
GLE,Emissions from Livestock,52,Azerbaijan,5111,Stocks,1052,"Chickens, layers",2007,2007,3050,FAO TIER 1,An,5750000,E,Estimated value,
GLE,Emissions from Livestock,52,Azerbaijan,5111,Stocks,1052,"Chickens, layers",2008,2008,3050,FAO TIER 1,An,6575000,E,Estimated value,
GLE,Emissions from Livestock,52,Azerbaijan,5111,Stocks,1052,"Chickens, layers",2009,2009,3050,FAO TIER 1,An,12729000,E,Estimated value,
GLE,Emissions from Livestock,52,Azerbaijan,5111,Stocks,1052,"Chickens, layers",2010,2010,3050,FAO TIER 1,An,12954000,E,Estimated value,
GLE,Emissions from Livestock,52,Azerbaijan,5111,Stocks,1052,"Chickens, layers",2011,2011,3050,FAO TIER 1,An,11109000,E,Estimated value,
GLE,Emissions from Livestock,52,Azerbaijan,5111,Stocks,1052,"Chickens, layers",2012,2012,3050,FAO TIER 1,An,12294000,E,Estimated value,
GLE,Emissions from Livestock,52,Azerbaijan,5111,Stocks,1052,"Chickens, layers",2013,2013,3050,FAO TIER 1,An,13400000,E,Estimated value,
GLE,Emissions from Livestock,52,Azerbaijan,5111,Stocks,1052,"Chickens, layers",2014,2014,3050,FAO TIER 1,An,14780000,E,Estimated value,
GLE,Emissions from Livestock,52,Azerbaijan,5111,Stocks,1052,"Chickens, layers",2015,2015,3050,FAO TIER 1,An,14870000,E,Estimated value,
GLE,Emissions from Livestock,52,Azerbaijan,5111,Stocks,1052,"Chickens, layers",2016,2016,3050,FAO TIER 1,An,15400000,E,Estimated value,
GLE,Emissions from Livestock,52,Azerbaijan,5111,Stocks,1052,"Chickens, layers",2017,2017,3050,FAO TIER 1,An,15646000,E,Estimated value,
GLE,Emissions from Livestock,52,Azerbaijan,5111,Stocks,1052,"Chickens, layers",2018,2018,3050,FAO TIER 1,An,14712000,E,Estimated value,
GLE,Emissions from Livestock,52,Azerbaijan,5111,Stocks,1052,"Chickens, layers",2019,2019,3050,FAO TIER 1,An,14902000,E,Estimated value,
GLE,Emissions from Livestock,52,Azerbaijan,5111,Stocks,1052,"Chickens, layers",2020,2020,3050,FAO TIER 1,An,14445000,E,Estimated value,
GLE,Emissions from Livestock,52,Azerbaijan,5111,Stocks,1052,"Chickens, layers",2021,2021,3050,FAO TIER 1,An,13787000,E,Estimated value,
GLE,Emissions from Livestock,52,Azerbaijan,5111,Stocks,1052,"Chickens, layers",2030,2030,3050,FAO TIER 1,An,6811613,F,Forecast value,
GLE,Emissions from Livestock,52,Azerbaijan,5111,Stocks,1052,"Chickens, layers",2050,2050,3050,FAO TIER 1,An,7803146,F,Forecast value,
GLE,Emissions from Livestock,52,Azerbaijan,5111,Stocks,1016,Goats,1992,1992,3050,FAO TIER 1,An,193800,A,Official figure,
GLE,Emissions from Livestock,52,Azerbaijan,5111,Stocks,1016,Goats,1993,1993,3050,FAO TIER 1,An,189800,A,Official figure,
GLE,Emissions from Livestock,52,Azerbaijan,5111,Stocks,1016,Goats,1994,1994,3050,FAO TIER 1,An,168100,A,Official figure,
GLE,Emissions from Livestock,52,Azerbaijan,5111,Stocks,1016,Goats,1995,1995,3050,FAO TIER 1,An,184500,A,Official figure,
GLE,Emissions from Livestock,52,Azerbaijan,5111,Stocks,1016,Goats,1996,1996,3050,FAO TIER 1,An,210100,A,Official figure,
GLE,Emissions from Livestock,52,Azerbaijan,5111,Stocks,1016,Goats,1997,1997,3050,FAO TIER 1,An,273800,A,Official figure,
GLE,Emissions from Livestock,52,Azerbaijan,5111,Stocks,1016,Goats,1998,1998,3050,FAO TIER 1,An,370900,A,Official figure,
GLE,Emissions from Livestock,52,Azerbaijan,5111,Stocks,1016,Goats,1999,1999,3050,FAO TIER 1,An,409100,A,Official figure,
GLE,Emissions from Livestock,52,Azerbaijan,5111,Stocks,1016,Goats,2000,2000,3050,FAO TIER 1,An,494151,A,Official figure,
GLE,Emissions from Livestock,52,Azerbaijan,5111,Stocks,1016,Goats,2001,2001,3050,FAO TIER 1,An,532616,A,Official figure,
GLE,Emissions from Livestock,52,Azerbaijan,5111,Stocks,1016,Goats,2002,2002,3050,FAO TIER 1,An,555955,A,Official figure,
GLE,Emissions from Livestock,52,Azerbaijan,5111,Stocks,1016,Goats,2003,2003,3050,FAO TIER 1,An,593979,A,Official figure,
GLE,Emissions from Livestock,52,Azerbaijan,5111,Stocks,1016,Goats,2004,2004,3050,FAO TIER 1,An,604112,A,Official figure,
GLE,Emissions from Livestock,52,Azerbaijan,5111,Stocks,1016,Goats,2005,2005,3050,FAO TIER 1,An,601387,A,Official figure,
GLE,Emissions from Livestock,52,Azerbaijan,5111,Stocks,1016,Goats,2006,2006,3050,FAO TIER 1,An,593932,A,Official figure,
GLE,Emissions from Livestock,52,Azerbaijan,5111,Stocks,1016,Goats,2007,2007,3050,FAO TIER 1,An,577809,A,Official figure,
GLE,Emissions from Livestock,52,Azerbaijan,5111,Stocks,1016,Goats,2008,2008,3050,FAO TIER 1,An,586713,A,Official figure,
GLE,Emissions from Livestock,52,Azerbaijan,5111,Stocks,1016,Goats,2009,2009,3050,FAO TIER 1,An,590935,A,Official figure,
GLE,Emissions from Livestock,52,Azerbaijan,5111,Stocks,1016,Goats,2010,2010,3050,FAO TIER 1,An,620644,A,Official figure,
GLE,Emissions from Livestock,52,Azerbaijan,5111,Stocks,1016,Goats,2011,2011,3050,FAO TIER 1,An,620200,A,Official figure,
GLE,Emissions from Livestock,52,Azerbaijan,5111,Stocks,1016,Goats,2012,2012,3050,FAO TIER 1,An,626900,A,Official figure,
GLE,Emissions from Livestock,52,Azerbaijan,5111,Stocks,1016,Goats,2013,2013,3050,FAO TIER 1,An,644800,A,Official figure,
GLE,Emissions from Livestock,52,Azerbaijan,5111,Stocks,1016,Goats,2014,2014,3050,FAO TIER 1,An,658107,A,Official figure,
GLE,Emissions from Livestock,52,Azerbaijan,5111,Stocks,1016,Goats,2015,2015,3050,FAO TIER 1,An,651479,A,Official figure,
GLE,Emissions from Livestock,52,Azerbaijan,5111,Stocks,1016,Goats,2016,2016,3050,FAO TIER 1,An,648345,A,Official figure,
GLE,Emissions from Livestock,52,Azerbaijan,5111,Stocks,1016,Goats,2017,2017,3050,FAO TIER 1,An,633327,A,Official figure,
GLE,Emissions from Livestock,52,Azerbaijan,5111,Stocks,1016,Goats,2018,2018,3050,FAO TIER 1,An,622426,A,Official figure,
GLE,Emissions from Livestock,52,Azerbaijan,5111,Stocks,1016,Goats,2019,2019,3050,FAO TIER 1,An,613842,A,Official figure,
GLE,Emissions from Livestock,52,Azerbaijan,5111,Stocks,1016,Goats,2020,2020,3050,FAO TIER 1,An,605925,A,Official figure,
GLE,Emissions from Livestock,52,Azerbaijan,5111,Stocks,1016,Goats,2021,2021,3050,FAO TIER 1,An,585520,A,Official figure,
GLE,Emissions from Livestock,52,Azerbaijan,5111,Stocks,1016,Goats,2030,2030,3050,FAO TIER 1,An,668607,F,Forecast value,
GLE,Emissions from Livestock,52,Azerbaijan,5111,Stocks,1016,Goats,2050,2050,3050,FAO TIER 1,An,708195,F,Forecast value,
GLE,Emissions from Livestock,52,Azerbaijan,5111,Stocks,1096,Horses,1992,1992,3050,FAO TIER 1,An,34600,A,Official figure,
GLE,Emissions from Livestock,52,Azerbaijan,5111,Stocks,1096,Horses,1993,1993,3050,FAO TIER 1,An,34800,A,Official figure,
GLE,Emissions from Livestock,52,Azerbaijan,5111,Stocks,1096,Horses,1994,1994,3050,FAO TIER 1,An,34800,A,Official figure,
GLE,Emissions from Livestock,52,Azerbaijan,5111,Stocks,1096,Horses,1995,1995,3050,FAO TIER 1,An,37900,A,Official figure,
GLE,Emissions from Livestock,52,Azerbaijan,5111,Stocks,1096,Horses,1996,1996,3050,FAO TIER 1,An,43100,A,Official figure,
GLE,Emissions from Livestock,52,Azerbaijan,5111,Stocks,1096,Horses,1997,1997,3050,FAO TIER 1,An,48600,A,Official figure,
GLE,Emissions from Livestock,52,Azerbaijan,5111,Stocks,1096,Horses,1998,1998,3050,FAO TIER 1,An,53000,A,Official figure,
GLE,Emissions from Livestock,52,Azerbaijan,5111,Stocks,1096,Horses,1999,1999,3050,FAO TIER 1,An,55800,A,Official figure,
GLE,Emissions from Livestock,52,Azerbaijan,5111,Stocks,1096,Horses,2000,2000,3050,FAO TIER 1,An,60800,A,Official figure,
GLE,Emissions from Livestock,52,Azerbaijan,5111,Stocks,1096,Horses,2001,2001,3050,FAO TIER 1,An,63700,A,Official figure,
GLE,Emissions from Livestock,52,Azerbaijan,5111,Stocks,1096,Horses,2002,2002,3050,FAO TIER 1,An,65600,A,Official figure,
GLE,Emissions from Livestock,52,Azerbaijan,5111,Stocks,1096,Horses,2003,2003,3050,FAO TIER 1,An,67686,A,Official figure,
GLE,Emissions from Livestock,52,Azerbaijan,5111,Stocks,1096,Horses,2004,2004,3050,FAO TIER 1,An,70994,A,Official figure,
GLE,Emissions from Livestock,52,Azerbaijan,5111,Stocks,1096,Horses,2005,2005,3050,FAO TIER 1,An,69353,A,Official figure,
GLE,Emissions from Livestock,52,Azerbaijan,5111,Stocks,1096,Horses,2006,2006,3050,FAO TIER 1,An,69984,A,Official figure,
GLE,Emissions from Livestock,52,Azerbaijan,5111,Stocks,1096,Horses,2007,2007,3050,FAO TIER 1,An,69922,A,Official figure,
GLE,Emissions from Livestock,52,Azerbaijan,5111,Stocks,1096,Horses,2008,2008,3050,FAO TIER 1,An,71892,A,Official figure,
GLE,Emissions from Livestock,52,Azerbaijan,5111,Stocks,1096,Horses,2009,2009,3050,FAO TIER 1,An,73494,A,Official figure,
GLE,Emissions from Livestock,52,Azerbaijan,5111,Stocks,1096,Horses,2010,2010,3050,FAO TIER 1,An,76455,A,Official figure,
GLE,Emissions from Livestock,52,Azerbaijan,5111,Stocks,1096,Horses,2011,2011,3050,FAO TIER 1,An,77157,A,Official figure,
GLE,Emissions from Livestock,52,Azerbaijan,5111,Stocks,1096,Horses,2012,2012,3050,FAO TIER 1,An,77208,A,Official figure,
GLE,Emissions from Livestock,52,Azerbaijan,5111,Stocks,1096,Horses,2013,2013,3050,FAO TIER 1,An,76552,A,Official figure,
GLE,Emissions from Livestock,52,Azerbaijan,5111,Stocks,1096,Horses,2014,2014,3050,FAO TIER 1,An,75428,A,Official figure,
GLE,Emissions from Livestock,52,Azerbaijan,5111,Stocks,1096,Horses,2015,2015,3050,FAO TIER 1,An,73741,A,Official figure,
GLE,Emissions from Livestock,52,Azerbaijan,5111,Stocks,1096,Horses,2016,2016,3050,FAO TIER 1,An,71606,A,Official figure,
GLE,Emissions from Livestock,52,Azerbaijan,5111,Stocks,1096,Horses,2017,2017,3050,FAO TIER 1,An,68520,A,Official figure,
GLE,Emissions from Livestock,52,Azerbaijan,5111,Stocks,1096,Horses,2018,2018,3050,FAO TIER 1,An,65211,A,Official figure,
GLE,Emissions from Livestock,52,Azerbaijan,5111,Stocks,1096,Horses,2019,2019,3050,FAO TIER 1,An,62726,A,Official figure,
GLE,Emissions from Livestock,52,Azerbaijan,5111,Stocks,1096,Horses,2020,2020,3050,FAO TIER 1,An,60405,A,Official figure,
GLE,Emissions from Livestock,52,Azerbaijan,5111,Stocks,1096,Horses,2021,2021,3050,FAO TIER 1,An,58396,A,Official figure,
GLE,Emissions from Livestock,52,Azerbaijan,5111,Stocks,1096,Horses,2030,2030,3050,FAO TIER 1,An,69753,F,Forecast value,
GLE,Emissions from Livestock,52,Azerbaijan,5111,Stocks,1096,Horses,2050,2050,3050,FAO TIER 1,An,69753,F,Forecast value,
GLE,Emissions from Livestock,52,Azerbaijan,5111,Stocks,1110,Mules and hinnies,1992,1992,3050,FAO TIER 1,An,300,A,Official figure,
GLE,Emissions from Livestock,52,Azerbaijan,5111,Stocks,1110,Mules and hinnies,1993,1993,3050,FAO TIER 1,An,200,A,Official figure,
GLE,Emissions from Livestock,52,Azerbaijan,5111,Stocks,1110,Mules and hinnies,1994,1994,3050,FAO TIER 1,An,100,A,Official figure,
GLE,Emissions from Livestock,52,Azerbaijan,5111,Stocks,1110,Mules and hinnies,1995,1995,3050,FAO TIER 1,An,100,A,Official figure,
GLE,Emissions from Livestock,52,Azerbaijan,5111,Stocks,1110,Mules and hinnies,1996,1996,3050,FAO TIER 1,An,100,A,Official figure,
GLE,Emissions from Livestock,52,Azerbaijan,5111,Stocks,1110,Mules and hinnies,1997,1997,3050,FAO TIER 1,An,200,A,Official figure,
GLE,Emissions from Livestock,52,Azerbaijan,5111,Stocks,1110,Mules and hinnies,1998,1998,3050,FAO TIER 1,An,200,A,Official figure,
GLE,Emissions from Livestock,52,Azerbaijan,5111,Stocks,1110,Mules and hinnies,1999,1999,3050,FAO TIER 1,An,100,A,Official figure,
GLE,Emissions from Livestock,52,Azerbaijan,5111,Stocks,1110,Mules and hinnies,2000,2000,3050,FAO TIER 1,An,200,A,Official figure,
GLE,Emissions from Livestock,52,Azerbaijan,5111,Stocks,1110,Mules and hinnies,2001,2001,3050,FAO TIER 1,An,200,A,Official figure,
GLE,Emissions from Livestock,52,Azerbaijan,5111,Stocks,1110,Mules and hinnies,2002,2002,3050,FAO TIER 1,An,200,A,Official figure,
GLE,Emissions from Livestock,52,Azerbaijan,5111,Stocks,1110,Mules and hinnies,2003,2003,3050,FAO TIER 1,An,100,A,Official figure,
GLE,Emissions from Livestock,52,Azerbaijan,5111,Stocks,1110,Mules and hinnies,2004,2004,3050,FAO TIER 1,An,100,A,Official figure,
GLE,Emissions from Livestock,52,Azerbaijan,5111,Stocks,1110,Mules and hinnies,2005,2005,3050,FAO TIER 1,An,100,A,Official figure,
GLE,Emissions from Livestock,52,Azerbaijan,5111,Stocks,1110,Mules and hinnies,2006,2006,3050,FAO TIER 1,An,100,A,Official figure,
GLE,Emissions from Livestock,52,Azerbaijan,5111,Stocks,1110,Mules and hinnies,2007,2007,3050,FAO TIER 1,An,102,A,Official figure,
GLE,Emissions from Livestock,52,Azerbaijan,5111,Stocks,1110,Mules and hinnies,2008,2008,3050,FAO TIER 1,An,84,A,Official figure,
GLE,Emissions from Livestock,52,Azerbaijan,5111,Stocks,1110,Mules and hinnies,2009,2009,3050,FAO TIER 1,An,88,A,Official figure,
GLE,Emissions from Livestock,52,Azerbaijan,5111,Stocks,1110,Mules and hinnies,2010,2010,3050,FAO TIER 1,An,109,A,Official figure,
GLE,Emissions from Livestock,52,Azerbaijan,5111,Stocks,1110,Mules and hinnies,2011,2011,3050,FAO TIER 1,An,117,A,Official figure,
GLE,Emissions from Livestock,52,Azerbaijan,5111,Stocks,1110,Mules and hinnies,2012,2012,3050,FAO TIER 1,An,82,A,Official figure,
GLE,Emissions from Livestock,52,Azerbaijan,5111,Stocks,1110,Mules and hinnies,2013,2013,3050,FAO TIER 1,An,88,A,Official figure,
GLE,Emissions from Livestock,52,Azerbaijan,5111,Stocks,1110,Mules and hinnies,2014,2014,3050,FAO TIER 1,An,82,A,Official figure,
GLE,Emissions from Livestock,52,Azerbaijan,5111,Stocks,1110,Mules and hinnies,2015,2015,3050,FAO TIER 1,An,103,A,Official figure,
GLE,Emissions from Livestock,52,Azerbaijan,5111,Stocks,1110,Mules and hinnies,2016,2016,3050,FAO TIER 1,An,79,A,Official figure,
GLE,Emissions from Livestock,52,Azerbaijan,5111,Stocks,1110,Mules and hinnies,2017,2017,3050,FAO TIER 1,An,62,A,Official figure,
GLE,Emissions from Livestock,52,Azerbaijan,5111,Stocks,1110,Mules and hinnies,2018,2018,3050,FAO TIER 1,An,53,A,Official figure,
GLE,Emissions from Livestock,52,Azerbaijan,5111,Stocks,1110,Mules and hinnies,2019,2019,3050,FAO TIER 1,An,53,A,Official figure,
GLE,Emissions from Livestock,52,Azerbaijan,5111,Stocks,1110,Mules and hinnies,2020,2020,3050,FAO TIER 1,An,57,A,Official figure,
GLE,Emissions from Livestock,52,Azerbaijan,5111,Stocks,1110,Mules and hinnies,2021,2021,3050,FAO TIER 1,An,55,A,Official figure,
GLE,Emissions from Livestock,52,Azerbaijan,5111,Stocks,1110,Mules and hinnies,2030,2030,3050,FAO TIER 1,An,101,F,Forecast value,
GLE,Emissions from Livestock,52,Azerbaijan,5111,Stocks,1110,Mules and hinnies,2050,2050,3050,FAO TIER 1,An,101,F,Forecast value,
GLE,Emissions from Livestock,52,Azerbaijan,5111,Stocks,976,Sheep,1992,1992,3050,FAO TIER 1,An,5098500,A,Official figure,
GLE,Emissions from Livestock,52,Azerbaijan,5111,Stocks,976,Sheep,1993,1993,3050,FAO TIER 1,An,4711500,A,Official figure,
GLE,Emissions from Livestock,52,Azerbaijan,5111,Stocks,976,Sheep,1994,1994,3050,FAO TIER 1,An,4370900,A,Official figure,
GLE,Emissions from Livestock,52,Azerbaijan,5111,Stocks,976,Sheep,1995,1995,3050,FAO TIER 1,An,4373100,A,Official figure,
GLE,Emissions from Livestock,52,Azerbaijan,5111,Stocks,976,Sheep,1996,1996,3050,FAO TIER 1,An,4434255,A,Official figure,
GLE,Emissions from Livestock,52,Azerbaijan,5111,Stocks,976,Sheep,1997,1997,3050,FAO TIER 1,An,4648249,A,Official figure,
GLE,Emissions from Livestock,52,Azerbaijan,5111,Stocks,976,Sheep,1998,1998,3050,FAO TIER 1,An,4896100,A,Official figure,
GLE,Emissions from Livestock,52,Azerbaijan,5111,Stocks,976,Sheep,1999,1999,3050,FAO TIER 1,An,5102800,A,Official figure,
GLE,Emissions from Livestock,52,Azerbaijan,5111,Stocks,976,Sheep,2000,2000,3050,FAO TIER 1,An,5279690,A,Official figure,
GLE,Emissions from Livestock,52,Azerbaijan,5111,Stocks,976,Sheep,2001,2001,3050,FAO TIER 1,An,5553047,A,Official figure,
GLE,Emissions from Livestock,52,Azerbaijan,5111,Stocks,976,Sheep,2002,2002,3050,FAO TIER 1,An,6002924,A,Official figure,
GLE,Emissions from Livestock,52,Azerbaijan,5111,Stocks,976,Sheep,2003,2003,3050,FAO TIER 1,An,6392462,A,Official figure,
GLE,Emissions from Livestock,52,Azerbaijan,5111,Stocks,976,Sheep,2004,2004,3050,FAO TIER 1,An,6676030,A,Official figure,
GLE,Emissions from Livestock,52,Azerbaijan,5111,Stocks,976,Sheep,2005,2005,3050,FAO TIER 1,An,6887440,A,Official figure,
GLE,Emissions from Livestock,52,Azerbaijan,5111,Stocks,976,Sheep,2006,2006,3050,FAO TIER 1,An,7105310,A,Official figure,
GLE,Emissions from Livestock,52,Azerbaijan,5111,Stocks,976,Sheep,2007,2007,3050,FAO TIER 1,An,7290590,A,Official figure,
GLE,Emissions from Livestock,52,Azerbaijan,5111,Stocks,976,Sheep,2008,2008,3050,FAO TIER 1,An,7523000,A,Official figure,
GLE,Emissions from Livestock,52,Azerbaijan,5111,Stocks,976,Sheep,2009,2009,3050,FAO TIER 1,An,7685240,A,Official figure,
GLE,Emissions from Livestock,52,Azerbaijan,5111,Stocks,976,Sheep,2010,2010,3050,FAO TIER 1,An,7871193,A,Official figure,
GLE,Emissions from Livestock,52,Azerbaijan,5111,Stocks,976,Sheep,2011,2011,3050,FAO TIER 1,An,7784800,A,Official figure,
GLE,Emissions from Livestock,52,Azerbaijan,5111,Stocks,976,Sheep,2012,2012,3050,FAO TIER 1,An,7847400,A,Official figure,
GLE,Emissions from Livestock,52,Azerbaijan,5111,Stocks,976,Sheep,2013,2013,3050,FAO TIER 1,An,7924600,A,Official figure,
GLE,Emissions from Livestock,52,Azerbaijan,5111,Stocks,976,Sheep,2014,2014,3050,FAO TIER 1,An,7987313,A,Official figure,
GLE,Emissions from Livestock,52,Azerbaijan,5111,Stocks,976,Sheep,2015,2015,3050,FAO TIER 1,An,8025608,A,Official figure,
GLE,Emissions from Livestock,52,Azerbaijan,5111,Stocks,976,Sheep,2016,2016,3050,FAO TIER 1,An,7966456,A,Official figure,
GLE,Emissions from Livestock,52,Azerbaijan,5111,Stocks,976,Sheep,2017,2017,3050,FAO TIER 1,An,7820981,A,Official figure,
GLE,Emissions from Livestock,52,Azerbaijan,5111,Stocks,976,Sheep,2018,2018,3050,FAO TIER 1,An,7681674,A,Official figure,
GLE,Emissions from Livestock,52,Azerbaijan,5111,Stocks,976,Sheep,2019,2019,3050,FAO TIER 1,An,7575381,A,Official figure,
GLE,Emissions from Livestock,52,Azerbaijan,5111,Stocks,976,Sheep,2020,2020,3050,FAO TIER 1,An,7483725,A,Official figure,
GLE,Emissions from Livestock,52,Azerbaijan,5111,Stocks,976,Sheep,2021,2021,3050,FAO TIER 1,An,7314166,A,Official figure,
GLE,Emissions from Livestock,52,Azerbaijan,5111,Stocks,976,Sheep,2030,2030,3050,FAO TIER 1,An,8025478,F,Forecast value,
GLE,Emissions from Livestock,52,Azerbaijan,5111,Stocks,976,Sheep,2050,2050,3050,FAO TIER 1,An,8500660,F,Forecast value,
GLE,Emissions from Livestock,52,Azerbaijan,5111,Stocks,1051,"Swine, breeding",1992,1992,3050,FAO TIER 1,An,13730,E,Estimated value,
GLE,Emissions from Livestock,52,Azerbaijan,5111,Stocks,1051,"Swine, breeding",1993,1993,3050,FAO TIER 1,An,6690,E,Estimated value,
GLE,Emissions from Livestock,52,Azerbaijan,5111,Stocks,1051,"Swine, breeding",1994,1994,3050,FAO TIER 1,An,4790,E,Estimated value,
GLE,Emissions from Livestock,52,Azerbaijan,5111,Stocks,1051,"Swine, breeding",1995,1995,3050,FAO TIER 1,An,3340,E,Estimated value,
GLE,Emissions from Livestock,52,Azerbaijan,5111,Stocks,1051,"Swine, breeding",1996,1996,3050,FAO TIER 1,An,3038,E,Estimated value,
GLE,Emissions from Livestock,52,Azerbaijan,5111,Stocks,1051,"Swine, breeding",1997,1997,3050,FAO TIER 1,An,2340,E,Estimated value,
GLE,Emissions from Livestock,52,Azerbaijan,5111,Stocks,1051,"Swine, breeding",1998,1998,3050,FAO TIER 1,An,2100,E,Estimated value,
GLE,Emissions from Livestock,52,Azerbaijan,5111,Stocks,1051,"Swine, breeding",1999,1999,3050,FAO TIER 1,An,2610,E,Estimated value,
GLE,Emissions from Livestock,52,Azerbaijan,5111,Stocks,1051,"Swine, breeding",2000,2000,3050,FAO TIER 1,An,1969,E,Estimated value,
GLE,Emissions from Livestock,52,Azerbaijan,5111,Stocks,1051,"Swine, breeding",2001,2001,3050,FAO TIER 1,An,1861,E,Estimated value,
GLE,Emissions from Livestock,52,Azerbaijan,5111,Stocks,1051,"Swine, breeding",2002,2002,3050,FAO TIER 1,An,1685,E,Estimated value,
GLE,Emissions from Livestock,52,Azerbaijan,5111,Stocks,1051,"Swine, breeding",2003,2003,3050,FAO TIER 1,An,1981,E,Estimated value,
GLE,Emissions from Livestock,52,Azerbaijan,5111,Stocks,1051,"Swine, breeding",2004,2004,3050,FAO TIER 1,An,2293,E,Estimated value,
GLE,Emissions from Livestock,52,Azerbaijan,5111,Stocks,1051,"Swine, breeding",2005,2005,3050,FAO TIER 1,An,2294,E,Estimated value,
GLE,Emissions from Livestock,52,Azerbaijan,5111,Stocks,1051,"Swine, breeding",2006,2006,3050,FAO TIER 1,An,2294,E,Estimated value,
GLE,Emissions from Livestock,52,Azerbaijan,5111,Stocks,1051,"Swine, breeding",2007,2007,3050,FAO TIER 1,An,2132,E,Estimated value,
GLE,Emissions from Livestock,52,Azerbaijan,5111,Stocks,1051,"Swine, breeding",2008,2008,3050,FAO TIER 1,An,1868,E,Estimated value,
GLE,Emissions from Livestock,52,Azerbaijan,5111,Stocks,1051,"Swine, breeding",2009,2009,3050,FAO TIER 1,An,1030,E,Estimated value,
GLE,Emissions from Livestock,52,Azerbaijan,5111,Stocks,1051,"Swine, breeding",2010,2010,3050,FAO TIER 1,An,535,E,Estimated value,
GLE,Emissions from Livestock,52,Azerbaijan,5111,Stocks,1051,"Swine, breeding",2011,2011,3050,FAO TIER 1,An,630,E,Estimated value,
GLE,Emissions from Livestock,52,Azerbaijan,5111,Stocks,1051,"Swine, breeding",2012,2012,3050,FAO TIER 1,An,615,E,Estimated value,
GLE,Emissions from Livestock,52,Azerbaijan,5111,Stocks,1051,"Swine, breeding",2013,2013,3050,FAO TIER 1,An,650,E,Estimated value,
GLE,Emissions from Livestock,52,Azerbaijan,5111,Stocks,1051,"Swine, breeding",2014,2014,3050,FAO TIER 1,An,614,E,Estimated value,
GLE,Emissions from Livestock,52,Azerbaijan,5111,Stocks,1051,"Swine, breeding",2015,2015,3050,FAO TIER 1,An,522,E,Estimated value,
GLE,Emissions from Livestock,52,Azerbaijan,5111,Stocks,1051,"Swine, breeding",2016,2016,3050,FAO TIER 1,An,441,E,Estimated value,
GLE,Emissions from Livestock,52,Azerbaijan,5111,Stocks,1051,"Swine, breeding",2017,2017,3050,FAO TIER 1,An,486,E,Estimated value,
GLE,Emissions from Livestock,52,Azerbaijan,5111,Stocks,1051,"Swine, breeding",2018,2018,3050,FAO TIER 1,An,549,E,Estimated value,
GLE,Emissions from Livestock,52,Azerbaijan,5111,Stocks,1051,"Swine, breeding",2019,2019,3050,FAO TIER 1,An,570,E,Estimated value,
GLE,Emissions from Livestock,52,Azerbaijan,5111,Stocks,1051,"Swine, breeding",2020,2020,3050,FAO TIER 1,An,588,E,Estimated value,
GLE,Emissions from Livestock,52,Azerbaijan,5111,Stocks,1051,"Swine, breeding",2021,2021,3050,FAO TIER 1,An,595,E,Estimated value,
GLE,Emissions from Livestock,52,Azerbaijan,5111,Stocks,1051,"Swine, breeding",2030,2030,3050,FAO TIER 1,An,2701,F,Forecast value,
GLE,Emissions from Livestock,52,Azerbaijan,5111,Stocks,1051,"Swine, breeding",2050,2050,3050,FAO TIER 1,An,3190,F,Forecast value,
GLE,Emissions from Livestock,52,Azerbaijan,5111,Stocks,1049,"Swine, market",1992,1992,3050,FAO TIER 1,An,123570,E,Estimated value,
GLE,Emissions from Livestock,52,Azerbaijan,5111,Stocks,1049,"Swine, market",1993,1993,3050,FAO TIER 1,An,60210,E,Estimated value,
GLE,Emissions from Livestock,52,Azerbaijan,5111,Stocks,1049,"Swine, market",1994,1994,3050,FAO TIER 1,An,43110,E,Estimated value,
GLE,Emissions from Livestock,52,Azerbaijan,5111,Stocks,1049,"Swine, market",1995,1995,3050,FAO TIER 1,An,30060,E,Estimated value,
GLE,Emissions from Livestock,52,Azerbaijan,5111,Stocks,1049,"Swine, market",1996,1996,3050,FAO TIER 1,An,27341,E,Estimated value,
GLE,Emissions from Livestock,52,Azerbaijan,5111,Stocks,1049,"Swine, market",1997,1997,3050,FAO TIER 1,An,21059,E,Estimated value,
GLE,Emissions from Livestock,52,Azerbaijan,5111,Stocks,1049,"Swine, market",1998,1998,3050,FAO TIER 1,An,18896,E,Estimated value,
GLE,Emissions from Livestock,52,Azerbaijan,5111,Stocks,1049,"Swine, market",1999,1999,3050,FAO TIER 1,An,23493,E,Estimated value,
GLE,Emissions from Livestock,52,Azerbaijan,5111,Stocks,1049,"Swine, market",2000,2000,3050,FAO TIER 1,An,17721,E,Estimated value,
GLE,Emissions from Livestock,52,Azerbaijan,5111,Stocks,1049,"Swine, market",2001,2001,3050,FAO TIER 1,An,16750,E,Estimated value,
GLE,Emissions from Livestock,52,Azerbaijan,5111,Stocks,1049,"Swine, market",2002,2002,3050,FAO TIER 1,An,15168,E,Estimated value,
GLE,Emissions from Livestock,52,Azerbaijan,5111,Stocks,1049,"Swine, market",2003,2003,3050,FAO TIER 1,An,17828,E,Estimated value,
GLE,Emissions from Livestock,52,Azerbaijan,5111,Stocks,1049,"Swine, market",2004,2004,3050,FAO TIER 1,An,20639,E,Estimated value,
GLE,Emissions from Livestock,52,Azerbaijan,5111,Stocks,1049,"Swine, market",2005,2005,3050,FAO TIER 1,An,20642,E,Estimated value,
GLE,Emissions from Livestock,52,Azerbaijan,5111,Stocks,1049,"Swine, market",2006,2006,3050,FAO TIER 1,An,20642,E,Estimated value,
GLE,Emissions from Livestock,52,Azerbaijan,5111,Stocks,1049,"Swine, market",2007,2007,3050,FAO TIER 1,An,19185,E,Estimated value,
GLE,Emissions from Livestock,52,Azerbaijan,5111,Stocks,1049,"Swine, market",2008,2008,3050,FAO TIER 1,An,16808,E,Estimated value,
GLE,Emissions from Livestock,52,Azerbaijan,5111,Stocks,1049,"Swine, market",2009,2009,3050,FAO TIER 1,An,9269,E,Estimated value,
GLE,Emissions from Livestock,52,Azerbaijan,5111,Stocks,1049,"Swine, market",2010,2010,3050,FAO TIER 1,An,4812,E,Estimated value,
GLE,Emissions from Livestock,52,Azerbaijan,5111,Stocks,1049,"Swine, market",2011,2011,3050,FAO TIER 1,An,5670,E,Estimated value,
GLE,Emissions from Livestock,52,Azerbaijan,5111,Stocks,1049,"Swine, market",2012,2012,3050,FAO TIER 1,An,5531,E,Estimated value,
GLE,Emissions from Livestock,52,Azerbaijan,5111,Stocks,1049,"Swine, market",2013,2013,3050,FAO TIER 1,An,5846,E,Estimated value,
GLE,Emissions from Livestock,52,Azerbaijan,5111,Stocks,1049,"Swine, market",2014,2014,3050,FAO TIER 1,An,5529,E,Estimated value,
GLE,Emissions from Livestock,52,Azerbaijan,5111,Stocks,1049,"Swine, market",2015,2015,3050,FAO TIER 1,An,4695,E,Estimated value,
GLE,Emissions from Livestock,52,Azerbaijan,5111,Stocks,1049,"Swine, market",2016,2016,3050,FAO TIER 1,An,3965,E,Estimated value,
GLE,Emissions from Livestock,52,Azerbaijan,5111,Stocks,1049,"Swine, market",2017,2017,3050,FAO TIER 1,An,4370,E,Estimated value,
GLE,Emissions from Livestock,52,Azerbaijan,5111,Stocks,1049,"Swine, market",2018,2018,3050,FAO TIER 1,An,4937,E,Estimated value,
GLE,Emissions from Livestock,52,Azerbaijan,5111,Stocks,1049,"Swine, market",2019,2019,3050,FAO TIER 1,An,5134,E,Estimated value,
GLE,Emissions from Livestock,52,Azerbaijan,5111,Stocks,1049,"Swine, market",2020,2020,3050,FAO TIER 1,An,5289,E,Estimated value,
GLE,Emissions from Livestock,52,Azerbaijan,5111,Stocks,1049,"Swine, market",2021,2021,3050,FAO TIER 1,An,5359,E,Estimated value,
GLE,Emissions from Livestock,52,Azerbaijan,5111,Stocks,1049,"Swine, market",2030,2030,3050,FAO TIER 1,An,24307,F,Forecast value,
GLE,Emissions from Livestock,52,Azerbaijan,5111,Stocks,1049,"Swine, market",2050,2050,3050,FAO TIER 1,An,28709,F,Forecast value,
GLE,Emissions from Livestock,52,Azerbaijan,5111,Stocks,1079,Turkeys,1992,1992,3050,FAO TIER 1,An,1000000,X,Figure from international organizations,Unofficial figure
GLE,Emissions from Livestock,52,Azerbaijan,5111,Stocks,1079,Turkeys,1993,1993,3050,FAO TIER 1,An,1000000,X,Figure from international organizations,Unofficial figure
GLE,Emissions from Livestock,52,Azerbaijan,5111,Stocks,1079,Turkeys,1994,1994,3050,FAO TIER 1,An,1000000,X,Figure from international organizations,Unofficial figure
GLE,Emissions from Livestock,52,Azerbaijan,5111,Stocks,1079,Turkeys,1995,1995,3050,FAO TIER 1,An,817000,X,Figure from international organizations,Unofficial figure
GLE,Emissions from Livestock,52,Azerbaijan,5111,Stocks,1079,Turkeys,1996,1996,3050,FAO TIER 1,An,633000,X,Figure from international organizations,Unofficial figure
GLE,Emissions from Livestock,52,Azerbaijan,5111,Stocks,1079,Turkeys,1997,1997,3050,FAO TIER 1,An,531000,X,Figure from international organizations,Unofficial figure
GLE,Emissions from Livestock,52,Azerbaijan,5111,Stocks,1079,Turkeys,1998,1998,3050,FAO TIER 1,An,514000,X,Figure from international organizations,Unofficial figure
GLE,Emissions from Livestock,52,Azerbaijan,5111,Stocks,1079,Turkeys,1999,1999,3050,FAO TIER 1,An,474000,X,Figure from international organizations,Unofficial figure
GLE,Emissions from Livestock,52,Azerbaijan,5111,Stocks,1079,Turkeys,2000,2000,3050,FAO TIER 1,An,511000,X,Figure from international organizations,Unofficial figure
GLE,Emissions from Livestock,52,Azerbaijan,5111,Stocks,1079,Turkeys,2001,2001,3050,FAO TIER 1,An,541000,X,Figure from international organizations,Unofficial figure
GLE,Emissions from Livestock,52,Azerbaijan,5111,Stocks,1079,Turkeys,2002,2002,3050,FAO TIER 1,An,551000,X,Figure from international organizations,Unofficial figure
GLE,Emissions from Livestock,52,Azerbaijan,5111,Stocks,1079,Turkeys,2003,2003,3050,FAO TIER 1,An,537000,X,Figure from international organizations,Unofficial figure
GLE,Emissions from Livestock,52,Azerbaijan,5111,Stocks,1079,Turkeys,2004,2004,3050,FAO TIER 1,An,645000,X,Figure from international organizations,Unofficial figure
GLE,Emissions from Livestock,52,Azerbaijan,5111,Stocks,1079,Turkeys,2005,2005,3050,FAO TIER 1,An,753000,X,Figure from international organizations,Unofficial figure
GLE,Emissions from Livestock,52,Azerbaijan,5111,Stocks,1079,Turkeys,2006,2006,3050,FAO TIER 1,An,446000,X,Figure from international organizations,Unofficial figure
GLE,Emissions from Livestock,52,Azerbaijan,5111,Stocks,1079,Turkeys,2007,2007,3050,FAO TIER 1,An,761000,X,Figure from international organizations,Unofficial figure
GLE,Emissions from Livestock,52,Azerbaijan,5111,Stocks,1079,Turkeys,2008,2008,3050,FAO TIER 1,An,854000,X,Figure from international organizations,Unofficial figure
GLE,Emissions from Livestock,52,Azerbaijan,5111,Stocks,1079,Turkeys,2009,2009,3050,FAO TIER 1,An,903000,X,Figure from international organizations,Unofficial figure
GLE,Emissions from Livestock,52,Azerbaijan,5111,Stocks,1079,Turkeys,2010,2010,3050,FAO TIER 1,An,892000,X,Figure from international organizations,Unofficial figure
GLE,Emissions from Livestock,52,Azerbaijan,5111,Stocks,1079,Turkeys,2011,2011,3050,FAO TIER 1,An,912000,X,Figure from international organizations,Unofficial figure
GLE,Emissions from Livestock,52,Azerbaijan,5111,Stocks,1079,Turkeys,2012,2012,3050,FAO TIER 1,An,942000,X,Figure from international organizations,Unofficial figure
GLE,Emissions from Livestock,52,Azerbaijan,5111,Stocks,1079,Turkeys,2013,2013,3050,FAO TIER 1,An,956000,X,Figure from international organizations,Unofficial figure
GLE,Emissions from Livestock,52,Azerbaijan,5111,Stocks,1079,Turkeys,2014,2014,3050,FAO TIER 1,An,900000,X,Figure from international organizations,Unofficial figure
GLE,Emissions from Livestock,52,Azerbaijan,5111,Stocks,1079,Turkeys,2015,2015,3050,FAO TIER 1,An,1293000,A,Official figure,
GLE,Emissions from Livestock,52,Azerbaijan,5111,Stocks,1079,Turkeys,2016,2016,3050,FAO TIER 1,An,1200000,E,Estimated value,
GLE,Emissions from Livestock,52,Azerbaijan,5111,Stocks,1079,Turkeys,2017,2017,3050,FAO TIER 1,An,1209517,I,Imputed value,
GLE,Emissions from Livestock,52,Azerbaijan,5111,Stocks,1079,Turkeys,2018,2018,3050,FAO TIER 1,An,1216749,I,Imputed value,
GLE,Emissions from Livestock,52,Azerbaijan,5111,Stocks,1079,Turkeys,2019,2019,3050,FAO TIER 1,An,1265999,I,Imputed value,
GLE,Emissions from Livestock,52,Azerbaijan,5111,Stocks,1079,Turkeys,2020,2020,3050,FAO TIER 1,An,1308378,I,Imputed value,
GLE,Emissions from Livestock,52,Azerbaijan,5111,Stocks,1079,Turkeys,2021,2021,3050,FAO TIER 1,An,1350838,I,Imputed value,
GLE,Emissions from Livestock,52,Azerbaijan,5111,Stocks,1079,Turkeys,2030,2030,3050,FAO TIER 1,An,1135729,F,Forecast value,
GLE,Emissions from Livestock,52,Azerbaijan,5111,Stocks,1079,Turkeys,2050,2050,3050,FAO TIER 1,An,1524740,F,Forecast value,
GLE,Emissions from Livestock,52,Azerbaijan,5111,Stocks,1760,Camels and Llamas,1992,1992,3050,FAO TIER 1,An,200,A,Official figure,
GLE,Emissions from Livestock,52,Azerbaijan,5111,Stocks,1760,Camels and Llamas,1993,1993,3050,FAO TIER 1,An,200,A,Official figure,
GLE,Emissions from Livestock,52,Azerbaijan,5111,Stocks,1760,Camels and Llamas,1994,1994,3050,FAO TIER 1,An,200,A,Official figure,
GLE,Emissions from Livestock,52,Azerbaijan,5111,Stocks,1760,Camels and Llamas,1995,1995,3050,FAO TIER 1,An,100,A,Official figure,
GLE,Emissions from Livestock,52,Azerbaijan,5111,Stocks,1760,Camels and Llamas,1996,1996,3050,FAO TIER 1,An,100,A,Official figure,
GLE,Emissions from Livestock,52,Azerbaijan,5111,Stocks,1760,Camels and Llamas,1997,1997,3050,FAO TIER 1,An,200,A,Official figure,
GLE,Emissions from Livestock,52,Azerbaijan,5111,Stocks,1760,Camels and Llamas,1998,1998,3050,FAO TIER 1,An,100,A,Official figure,
GLE,Emissions from Livestock,52,Azerbaijan,5111,Stocks,1760,Camels and Llamas,1999,1999,3050,FAO TIER 1,An,100,A,Official figure,
GLE,Emissions from Livestock,52,Azerbaijan,5111,Stocks,1760,Camels and Llamas,2000,2000,3050,FAO TIER 1,An,100,A,Official figure,
GLE,Emissions from Livestock,52,Azerbaijan,5111,Stocks,1760,Camels and Llamas,2001,2001,3050,FAO TIER 1,An,100,A,Official figure,
GLE,Emissions from Livestock,52,Azerbaijan,5111,Stocks,1760,Camels and Llamas,2002,2002,3050,FAO TIER 1,An,100,A,Official figure,
GLE,Emissions from Livestock,52,Azerbaijan,5111,Stocks,1760,Camels and Llamas,2003,2003,3050,FAO TIER 1,An,224,A,Official figure,
GLE,Emissions from Livestock,52,Azerbaijan,5111,Stocks,1760,Camels and Llamas,2004,2004,3050,FAO TIER 1,An,201,A,Official figure,
GLE,Emissions from Livestock,52,Azerbaijan,5111,Stocks,1760,Camels and Llamas,2005,2005,3050,FAO TIER 1,An,191,A,Official figure,
GLE,Emissions from Livestock,52,Azerbaijan,5111,Stocks,1760,Camels and Llamas,2006,2006,3050,FAO TIER 1,An,200,A,Official figure,
GLE,Emissions from Livestock,52,Azerbaijan,5111,Stocks,1760,Camels and Llamas,2007,2007,3050,FAO TIER 1,An,201,A,Official figure,
GLE,Emissions from Livestock,52,Azerbaijan,5111,Stocks,1760,Camels and Llamas,2008,2008,3050,FAO TIER 1,An,222,A,Official figure,
GLE,Emissions from Livestock,52,Azerbaijan,5111,Stocks,1760,Camels and Llamas,2009,2009,3050,FAO TIER 1,An,226,A,Official figure,
GLE,Emissions from Livestock,52,Azerbaijan,5111,Stocks,1760,Camels and Llamas,2010,2010,3050,FAO TIER 1,An,216,A,Official figure,
GLE,Emissions from Livestock,52,Azerbaijan,5111,Stocks,1760,Camels and Llamas,2011,2011,3050,FAO TIER 1,An,263,A,Official figure,
GLE,Emissions from Livestock,52,Azerbaijan,5111,Stocks,1760,Camels and Llamas,2012,2012,3050,FAO TIER 1,An,272,A,Official figure,
GLE,Emissions from Livestock,52,Azerbaijan,5111,Stocks,1760,Camels and Llamas,2013,2013,3050,FAO TIER 1,An,288,A,Official figure,
GLE,Emissions from Livestock,52,Azerbaijan,5111,Stocks,1760,Camels and Llamas,2014,2014,3050,FAO TIER 1,An,258,A,Official figure,
GLE,Emissions from Livestock,52,Azerbaijan,5111,Stocks,1760,Camels and Llamas,2015,2015,3050,FAO TIER 1,An,242,A,Official figure,
GLE,Emissions from Livestock,52,Azerbaijan,5111,Stocks,1760,Camels and Llamas,2016,2016,3050,FAO TIER 1,An,236,A,Official figure,
GLE,Emissions from Livestock,52,Azerbaijan,5111,Stocks,1760,Camels and Llamas,2017,2017,3050,FAO TIER 1,An,222,A,Official figure,
GLE,Emissions from Livestock,52,Azerbaijan,5111,Stocks,1760,Camels and Llamas,2018,2018,3050,FAO TIER 1,An,239,A,Official figure,
GLE,Emissions from Livestock,52,Azerbaijan,5111,Stocks,1760,Camels and Llamas,2019,2019,3050,FAO TIER 1,An,213,A,Official figure,
GLE,Emissions from Livestock,52,Azerbaijan,5111,Stocks,1760,Camels and Llamas,2020,2020,3050,FAO TIER 1,An,209,A,Official figure,
GLE,Emissions from Livestock,52,Azerbaijan,5111,Stocks,1760,Camels and Llamas,2021,2021,3050,FAO TIER 1,An,332,A,Official figure,
GLE,Emissions from Livestock,52,Azerbaijan,5111,Stocks,1760,Camels and Llamas,2030,2030,3050,FAO TIER 1,An,197,F,Forecast value,
GLE,Emissions from Livestock,52,Azerbaijan,5111,Stocks,1760,Camels and Llamas,2050,2050,3050,FAO TIER 1,An,197,F,Forecast value,
GLE,Emissions from Livestock,52,Azerbaijan,5111,Stocks,1757,Cattle,1992,1992,3050,FAO TIER 1,An,1533300,E,Estimated value,
GLE,Emissions from Livestock,52,Azerbaijan,5111,Stocks,1757,Cattle,1993,1993,3050,FAO TIER 1,An,1433300,E,Estimated value,
GLE,Emissions from Livestock,52,Azerbaijan,5111,Stocks,1757,Cattle,1994,1994,3050,FAO TIER 1,An,1330400,E,Estimated value,
GLE,Emissions from Livestock,52,Azerbaijan,5111,Stocks,1757,Cattle,1995,1995,3050,FAO TIER 1,An,1340900,E,Estimated value,
GLE,Emissions from Livestock,52,Azerbaijan,5111,Stocks,1757,Cattle,1996,1996,3050,FAO TIER 1,An,1383700,E,Estimated value,
GLE,Emissions from Livestock,52,Azerbaijan,5111,Stocks,1757,Cattle,1997,1997,3050,FAO TIER 1,An,1477900,E,Estimated value,
GLE,Emissions from Livestock,52,Azerbaijan,5111,Stocks,1757,Cattle,1998,1998,3050,FAO TIER 1,An,1550200,E,Estimated value,
GLE,Emissions from Livestock,52,Azerbaijan,5111,Stocks,1757,Cattle,1999,1999,3050,FAO TIER 1,An,1621100,E,Estimated value,
GLE,Emissions from Livestock,52,Azerbaijan,5111,Stocks,1757,Cattle,2000,2000,3050,FAO TIER 1,An,1664400,E,Estimated value,
GLE,Emissions from Livestock,52,Azerbaijan,5111,Stocks,1757,Cattle,2001,2001,3050,FAO TIER 1,An,1722900,E,Estimated value,
GLE,Emissions from Livestock,52,Azerbaijan,5111,Stocks,1757,Cattle,2002,2002,3050,FAO TIER 1,An,1794300,E,Estimated value,
GLE,Emissions from Livestock,52,Azerbaijan,5111,Stocks,1757,Cattle,2003,2003,3050,FAO TIER 1,An,1872200,E,Estimated value,
GLE,Emissions from Livestock,52,Azerbaijan,5111,Stocks,1757,Cattle,2004,2004,3050,FAO TIER 1,An,1934420,E,Estimated value,
GLE,Emissions from Livestock,52,Azerbaijan,5111,Stocks,1757,Cattle,2005,2005,3050,FAO TIER 1,An,2007210,E,Estimated value,
GLE,Emissions from Livestock,52,Azerbaijan,5111,Stocks,1757,Cattle,2006,2006,3050,FAO TIER 1,An,2067000,E,Estimated value,
GLE,Emissions from Livestock,52,Azerbaijan,5111,Stocks,1757,Cattle,2007,2007,3050,FAO TIER 1,An,2123000,E,Estimated value,
GLE,Emissions from Livestock,52,Azerbaijan,5111,Stocks,1757,Cattle,2008,2008,3050,FAO TIER 1,An,2188100,E,Estimated value,
GLE,Emissions from Livestock,52,Azerbaijan,5111,Stocks,1757,Cattle,2009,2009,3050,FAO TIER 1,An,2255000,E,Estimated value,
GLE,Emissions from Livestock,52,Azerbaijan,5111,Stocks,1757,Cattle,2010,2010,3050,FAO TIER 1,An,2299700,E,Estimated value,
GLE,Emissions from Livestock,52,Azerbaijan,5111,Stocks,1757,Cattle,2011,2011,3050,FAO TIER 1,An,2336600,E,Estimated value,
GLE,Emissions from Livestock,52,Azerbaijan,5111,Stocks,1757,Cattle,2012,2012,3050,FAO TIER 1,An,2378500,E,Estimated value,
GLE,Emissions from Livestock,52,Azerbaijan,5111,Stocks,1757,Cattle,2013,2013,3050,FAO TIER 1,An,2412300,E,Estimated value,
GLE,Emissions from Livestock,52,Azerbaijan,5111,Stocks,1757,Cattle,2014,2014,3050,FAO TIER 1,An,2445178,E,Estimated value,
GLE,Emissions from Livestock,52,Azerbaijan,5111,Stocks,1757,Cattle,2015,2015,3050,FAO TIER 1,An,2465997,E,Estimated value,
GLE,Emissions from Livestock,52,Azerbaijan,5111,Stocks,1757,Cattle,2016,2016,3050,FAO TIER 1,An,2484272,E,Estimated value,
GLE,Emissions from Livestock,52,Azerbaijan,5111,Stocks,1757,Cattle,2017,2017,3050,FAO TIER 1,An,2476339,E,Estimated value,
GLE,Emissions from Livestock,52,Azerbaijan,5111,Stocks,1757,Cattle,2018,2018,3050,FAO TIER 1,An,2482627,E,Estimated value,
GLE,Emissions from Livestock,52,Azerbaijan,5111,Stocks,1757,Cattle,2019,2019,3050,FAO TIER 1,An,2484154,E,Estimated value,
GLE,Emissions from Livestock,52,Azerbaijan,5111,Stocks,1757,Cattle,2020,2020,3050,FAO TIER 1,An,2504048,E,Estimated value,
GLE,Emissions from Livestock,52,Azerbaijan,5111,Stocks,1757,Cattle,2021,2021,3050,FAO TIER 1,An,2519692,E,Estimated value,
GLE,Emissions from Livestock,52,Azerbaijan,5111,Stocks,1757,Cattle,2030,2030,3050,FAO TIER 1,An,2551196,F,Forecast value,
GLE,Emissions from Livestock,52,Azerbaijan,5111,Stocks,1757,Cattle,2050,2050,3050,FAO TIER 1,An,2872608,F,Forecast value,
GLE,Emissions from Livestock,52,Azerbaijan,5111,Stocks,1054,Chickens,1992,1992,3050,FAO TIER 1,An,26665000,E,Estimated value,
GLE,Emissions from Livestock,52,Azerbaijan,5111,Stocks,1054,Chickens,1993,1993,3050,FAO TIER 1,An,20704000,E,Estimated value,
GLE,Emissions from Livestock,52,Azerbaijan,5111,Stocks,1054,Chickens,1994,1994,3050,FAO TIER 1,An,16032000,E,Estimated value,
GLE,Emissions from Livestock,52,Azerbaijan,5111,Stocks,1054,Chickens,1995,1995,3050,FAO TIER 1,An,13600000,E,Estimated value,
GLE,Emissions from Livestock,52,Azerbaijan,5111,Stocks,1054,Chickens,1996,1996,3050,FAO TIER 1,An,12700000,E,Estimated value,
GLE,Emissions from Livestock,52,Azerbaijan,5111,Stocks,1054,Chickens,1997,1997,3050,FAO TIER 1,An,12700000,E,Estimated value,
GLE,Emissions from Livestock,52,Azerbaijan,5111,Stocks,1054,Chickens,1998,1998,3050,FAO TIER 1,An,14200000,E,Estimated value,
GLE,Emissions from Livestock,52,Azerbaijan,5111,Stocks,1054,Chickens,1999,1999,3050,FAO TIER 1,An,13400000,E,Estimated value,
GLE,Emissions from Livestock,52,Azerbaijan,5111,Stocks,1054,Chickens,2000,2000,3050,FAO TIER 1,An,14200000,E,Estimated value,
GLE,Emissions from Livestock,52,Azerbaijan,5111,Stocks,1054,Chickens,2001,2001,3050,FAO TIER 1,An,14200000,E,Estimated value,
GLE,Emissions from Livestock,52,Azerbaijan,5111,Stocks,1054,Chickens,2002,2002,3050,FAO TIER 1,An,15800000,E,Estimated value,
GLE,Emissions from Livestock,52,Azerbaijan,5111,Stocks,1054,Chickens,2003,2003,3050,FAO TIER 1,An,16600000,E,Estimated value,
GLE,Emissions from Livestock,52,Azerbaijan,5111,Stocks,1054,Chickens,2004,2004,3050,FAO TIER 1,An,16900000,E,Estimated value,
GLE,Emissions from Livestock,52,Azerbaijan,5111,Stocks,1054,Chickens,2005,2005,3050,FAO TIER 1,An,17500000,E,Estimated value,
GLE,Emissions from Livestock,52,Azerbaijan,5111,Stocks,1054,Chickens,2006,2006,3050,FAO TIER 1,An,18590000,E,Estimated value,
GLE,Emissions from Livestock,52,Azerbaijan,5111,Stocks,1054,Chickens,2007,2007,3050,FAO TIER 1,An,18000000,E,Estimated value,
GLE,Emissions from Livestock,52,Azerbaijan,5111,Stocks,1054,Chickens,2008,2008,3050,FAO TIER 1,An,19900000,E,Estimated value,
GLE,Emissions from Livestock,52,Azerbaijan,5111,Stocks,1054,Chickens,2009,2009,3050,FAO TIER 1,An,21450000,E,Estimated value,
GLE,Emissions from Livestock,52,Azerbaijan,5111,Stocks,1054,Chickens,2010,2010,3050,FAO TIER 1,An,21150000,E,Estimated value,
GLE,Emissions from Livestock,52,Azerbaijan,5111,Stocks,1054,Chickens,2011,2011,3050,FAO TIER 1,An,21520000,E,Estimated value,
GLE,Emissions from Livestock,52,Azerbaijan,5111,Stocks,1054,Chickens,2012,2012,3050,FAO TIER 1,An,22220000,E,Estimated value,
GLE,Emissions from Livestock,52,Azerbaijan,5111,Stocks,1054,Chickens,2013,2013,3050,FAO TIER 1,An,23600000,E,Estimated value,
GLE,Emissions from Livestock,52,Azerbaijan,5111,Stocks,1054,Chickens,2014,2014,3050,FAO TIER 1,An,28852000,E,Estimated value,
GLE,Emissions from Livestock,52,Azerbaijan,5111,Stocks,1054,Chickens,2015,2015,3050,FAO TIER 1,An,27559000,E,Estimated value,
GLE,Emissions from Livestock,52,Azerbaijan,5111,Stocks,1054,Chickens,2016,2016,3050,FAO TIER 1,An,28009000,E,Estimated value,
GLE,Emissions from Livestock,52,Azerbaijan,5111,Stocks,1054,Chickens,2017,2017,3050,FAO TIER 1,An,30473000,E,Estimated value,
GLE,Emissions from Livestock,52,Azerbaijan,5111,Stocks,1054,Chickens,2018,2018,3050,FAO TIER 1,An,30498000,E,Estimated value,
GLE,Emissions from Livestock,52,Azerbaijan,5111,Stocks,1054,Chickens,2019,2019,3050,FAO TIER 1,An,32230000,E,Estimated value,
GLE,Emissions from Livestock,52,Azerbaijan,5111,Stocks,1054,Chickens,2020,2020,3050,FAO TIER 1,An,30176000,E,Estimated value,
GLE,Emissions from Livestock,52,Azerbaijan,5111,Stocks,1054,Chickens,2021,2021,3050,FAO TIER 1,An,29624000,E,Estimated value,
GLE,Emissions from Livestock,52,Azerbaijan,5111,Stocks,1054,Chickens,2030,2030,3050,FAO TIER 1,An,29051035,F,Forecast value,
GLE,Emissions from Livestock,52,Azerbaijan,5111,Stocks,1054,Chickens,2050,2050,3050,FAO TIER 1,An,37660043,F,Forecast value,
GLE,Emissions from Livestock,52,Azerbaijan,5111,Stocks,1759,Mules and Asses,1992,1992,3050,FAO TIER 1,An,27700,A,Official figure,
GLE,Emissions from Livestock,52,Azerbaijan,5111,Stocks,1759,Mules and Asses,1993,1993,3050,FAO TIER 1,An,24300,A,Official figure,
GLE,Emissions from Livestock,52,Azerbaijan,5111,Stocks,1759,Mules and Asses,1994,1994,3050,FAO TIER 1,An,20200,A,Official figure,
GLE,Emissions from Livestock,52,Azerbaijan,5111,Stocks,1759,Mules and Asses,1995,1995,3050,FAO TIER 1,An,22500,A,Official figure,
GLE,Emissions from Livestock,52,Azerbaijan,5111,Stocks,1759,Mules and Asses,1996,1996,3050,FAO TIER 1,An,24900,A,Official figure,
GLE,Emissions from Livestock,52,Azerbaijan,5111,Stocks,1759,Mules and Asses,1997,1997,3050,FAO TIER 1,An,28500,A,Official figure,
GLE,Emissions from Livestock,52,Azerbaijan,5111,Stocks,1759,Mules and Asses,1998,1998,3050,FAO TIER 1,An,31300,A,Official figure,
GLE,Emissions from Livestock,52,Azerbaijan,5111,Stocks,1759,Mules and Asses,1999,1999,3050,FAO TIER 1,An,32900,A,Official figure,
GLE,Emissions from Livestock,52,Azerbaijan,5111,Stocks,1759,Mules and Asses,2000,2000,3050,FAO TIER 1,An,35700,A,Official figure,
GLE,Emissions from Livestock,52,Azerbaijan,5111,Stocks,1759,Mules and Asses,2001,2001,3050,FAO TIER 1,An,37900,A,Official figure,
GLE,Emissions from Livestock,52,Azerbaijan,5111,Stocks,1759,Mules and Asses,2002,2002,3050,FAO TIER 1,An,39300,A,Official figure,
GLE,Emissions from Livestock,52,Azerbaijan,5111,Stocks,1759,Mules and Asses,2003,2003,3050,FAO TIER 1,An,40300,A,Official figure,
GLE,Emissions from Livestock,52,Azerbaijan,5111,Stocks,1759,Mules and Asses,2004,2004,3050,FAO TIER 1,An,42300,A,Official figure,
GLE,Emissions from Livestock,52,Azerbaijan,5111,Stocks,1759,Mules and Asses,2005,2005,3050,FAO TIER 1,An,44600,A,Official figure,
GLE,Emissions from Livestock,52,Azerbaijan,5111,Stocks,1759,Mules and Asses,2006,2006,3050,FAO TIER 1,An,45500,A,Official figure,
GLE,Emissions from Livestock,52,Azerbaijan,5111,Stocks,1759,Mules and Asses,2007,2007,3050,FAO TIER 1,An,46355,A,Official figure,
GLE,Emissions from Livestock,52,Azerbaijan,5111,Stocks,1759,Mules and Asses,2008,2008,3050,FAO TIER 1,An,47293,A,Official figure,
GLE,Emissions from Livestock,52,Azerbaijan,5111,Stocks,1759,Mules and Asses,2009,2009,3050,FAO TIER 1,An,46519,A,Official figure,
GLE,Emissions from Livestock,52,Azerbaijan,5111,Stocks,1759,Mules and Asses,2010,2010,3050,FAO TIER 1,An,46166,A,Official figure,
GLE,Emissions from Livestock,52,Azerbaijan,5111,Stocks,1759,Mules and Asses,2011,2011,3050,FAO TIER 1,An,46056,A,Official figure,
GLE,Emissions from Livestock,52,Azerbaijan,5111,Stocks,1759,Mules and Asses,2012,2012,3050,FAO TIER 1,An,44383,A,Official figure,
GLE,Emissions from Livestock,52,Azerbaijan,5111,Stocks,1759,Mules and Asses,2013,2013,3050,FAO TIER 1,An,43513,A,Official figure,
GLE,Emissions from Livestock,52,Azerbaijan,5111,Stocks,1759,Mules and Asses,2014,2014,3050,FAO TIER 1,An,40074,A,Official figure,
GLE,Emissions from Livestock,52,Azerbaijan,5111,Stocks,1759,Mules and Asses,2015,2015,3050,FAO TIER 1,An,35919,A,Official figure,
GLE,Emissions from Livestock,52,Azerbaijan,5111,Stocks,1759,Mules and Asses,2016,2016,3050,FAO TIER 1,An,34147,A,Official figure,
GLE,Emissions from Livestock,52,Azerbaijan,5111,Stocks,1759,Mules and Asses,2017,2017,3050,FAO TIER 1,An,30916,A,Official figure,
GLE,Emissions from Livestock,52,Azerbaijan,5111,Stocks,1759,Mules and Asses,2018,2018,3050,FAO TIER 1,An,28093,A,Official figure,
GLE,Emissions from Livestock,52,Azerbaijan,5111,Stocks,1759,Mules and Asses,2019,2019,3050,FAO TIER 1,An,25833,A,Official figure,
GLE,Emissions from Livestock,52,Azerbaijan,5111,Stocks,1759,Mules and Asses,2020,2020,3050,FAO TIER 1,An,23476,A,Official figure,
GLE,Emissions from Livestock,52,Azerbaijan,5111,Stocks,1759,Mules and Asses,2021,2021,3050,FAO TIER 1,An,21102,A,Official figure,
GLE,Emissions from Livestock,52,Azerbaijan,5111,Stocks,1759,Mules and Asses,2030,2030,3050,FAO TIER 1,An,45485,F,Forecast value,
GLE,Emissions from Livestock,52,Azerbaijan,5111,Stocks,1759,Mules and Asses,2050,2050,3050,FAO TIER 1,An,45485,F,Forecast value,
GLE,Emissions from Livestock,52,Azerbaijan,5111,Stocks,2029,Poultry Birds,1992,1992,3050,FAO TIER 1,An,27665000,E,Estimated value,
GLE,Emissions from Livestock,52,Azerbaijan,5111,Stocks,2029,Poultry Birds,1993,1993,3050,FAO TIER 1,An,21704000,E,Estimated value,
GLE,Emissions from Livestock,52,Azerbaijan,5111,Stocks,2029,Poultry Birds,1994,1994,3050,FAO TIER 1,An,17032000,E,Estimated value,
GLE,Emissions from Livestock,52,Azerbaijan,5111,Stocks,2029,Poultry Birds,1995,1995,3050,FAO TIER 1,An,14417000,E,Estimated value,
GLE,Emissions from Livestock,52,Azerbaijan,5111,Stocks,2029,Poultry Birds,1996,1996,3050,FAO TIER 1,An,13333000,E,Estimated value,
GLE,Emissions from Livestock,52,Azerbaijan,5111,Stocks,2029,Poultry Birds,1997,1997,3050,FAO TIER 1,An,13231000,E,Estimated value,
GLE,Emissions from Livestock,52,Azerbaijan,5111,Stocks,2029,Poultry Birds,1998,1998,3050,FAO TIER 1,An,14714000,E,Estimated value,
GLE,Emissions from Livestock,52,Azerbaijan,5111,Stocks,2029,Poultry Birds,1999,1999,3050,FAO TIER 1,An,13874000,E,Estimated value,
GLE,Emissions from Livestock,52,Azerbaijan,5111,Stocks,2029,Poultry Birds,2000,2000,3050,FAO TIER 1,An,14711000,E,Estimated value,
GLE,Emissions from Livestock,52,Azerbaijan,5111,Stocks,2029,Poultry Birds,2001,2001,3050,FAO TIER 1,An,14741000,E,Estimated value,
GLE,Emissions from Livestock,52,Azerbaijan,5111,Stocks,2029,Poultry Birds,2002,2002,3050,FAO TIER 1,An,16351000,E,Estimated value,
GLE,Emissions from Livestock,52,Azerbaijan,5111,Stocks,2029,Poultry Birds,2003,2003,3050,FAO TIER 1,An,17137000,E,Estimated value,
GLE,Emissions from Livestock,52,Azerbaijan,5111,Stocks,2029,Poultry Birds,2004,2004,3050,FAO TIER 1,An,17545000,E,Estimated value,
GLE,Emissions from Livestock,52,Azerbaijan,5111,Stocks,2029,Poultry Birds,2005,2005,3050,FAO TIER 1,An,18253000,E,Estimated value,
GLE,Emissions from Livestock,52,Azerbaijan,5111,Stocks,2029,Poultry Birds,2006,2006,3050,FAO TIER 1,An,19036000,E,Estimated value,
GLE,Emissions from Livestock,52,Azerbaijan,5111,Stocks,2029,Poultry Birds,2007,2007,3050,FAO TIER 1,An,18761000,E,Estimated value,
GLE,Emissions from Livestock,52,Azerbaijan,5111,Stocks,2029,Poultry Birds,2008,2008,3050,FAO TIER 1,An,20754000,E,Estimated value,
GLE,Emissions from Livestock,52,Azerbaijan,5111,Stocks,2029,Poultry Birds,2009,2009,3050,FAO TIER 1,An,22353000,E,Estimated value,
GLE,Emissions from Livestock,52,Azerbaijan,5111,Stocks,2029,Poultry Birds,2010,2010,3050,FAO TIER 1,An,22042000,E,Estimated value,
GLE,Emissions from Livestock,52,Azerbaijan,5111,Stocks,2029,Poultry Birds,2011,2011,3050,FAO TIER 1,An,22432000,E,Estimated value,
GLE,Emissions from Livestock,52,Azerbaijan,5111,Stocks,2029,Poultry Birds,2012,2012,3050,FAO TIER 1,An,23162000,E,Estimated value,
GLE,Emissions from Livestock,52,Azerbaijan,5111,Stocks,2029,Poultry Birds,2013,2013,3050,FAO TIER 1,An,24556000,E,Estimated value,
GLE,Emissions from Livestock,52,Azerbaijan,5111,Stocks,2029,Poultry Birds,2014,2014,3050,FAO TIER 1,An,29752000,E,Estimated value,
GLE,Emissions from Livestock,52,Azerbaijan,5111,Stocks,2029,Poultry Birds,2015,2015,3050,FAO TIER 1,An,28852000,E,Estimated value,
GLE,Emissions from Livestock,52,Azerbaijan,5111,Stocks,2029,Poultry Birds,2016,2016,3050,FAO TIER 1,An,29209000,E,Estimated value,
GLE,Emissions from Livestock,52,Azerbaijan,5111,Stocks,2029,Poultry Birds,2017,2017,3050,FAO TIER 1,An,31682517,E,Estimated value,
GLE,Emissions from Livestock,52,Azerbaijan,5111,Stocks,2029,Poultry Birds,2018,2018,3050,FAO TIER 1,An,31714749,E,Estimated value,
GLE,Emissions from Livestock,52,Azerbaijan,5111,Stocks,2029,Poultry Birds,2019,2019,3050,FAO TIER 1,An,33495999,E,Estimated value,
GLE,Emissions from Livestock,52,Azerbaijan,5111,Stocks,2029,Poultry Birds,2020,2020,3050,FAO TIER 1,An,31484378,E,Estimated value,
GLE,Emissions from Livestock,52,Azerbaijan,5111,Stocks,2029,Poultry Birds,2021,2021,3050,FAO TIER 1,An,30974838,E,Estimated value,
GLE,Emissions from Livestock,52,Azerbaijan,5111,Stocks,2029,Poultry Birds,2030,2030,3050,FAO TIER 1,An,30186764,F,Forecast value,
GLE,Emissions from Livestock,52,Azerbaijan,5111,Stocks,2029,Poultry Birds,2050,2050,3050,FAO TIER 1,An,39184783,F,Forecast value,
GLE,Emissions from Livestock,52,Azerbaijan,5111,Stocks,1749,Sheep and Goats,1992,1992,3050,FAO TIER 1,An,5292300,A,Official figure,
GLE,Emissions from Livestock,52,Azerbaijan,5111,Stocks,1749,Sheep and Goats,1993,1993,3050,FAO TIER 1,An,4901300,A,Official figure,
GLE,Emissions from Livestock,52,Azerbaijan,5111,Stocks,1749,Sheep and Goats,1994,1994,3050,FAO TIER 1,An,4539000,A,Official figure,
GLE,Emissions from Livestock,52,Azerbaijan,5111,Stocks,1749,Sheep and Goats,1995,1995,3050,FAO TIER 1,An,4557600,A,Official figure,
GLE,Emissions from Livestock,52,Azerbaijan,5111,Stocks,1749,Sheep and Goats,1996,1996,3050,FAO TIER 1,An,4644355,A,Official figure,
GLE,Emissions from Livestock,52,Azerbaijan,5111,Stocks,1749,Sheep and Goats,1997,1997,3050,FAO TIER 1,An,4922049,A,Official figure,
GLE,Emissions from Livestock,52,Azerbaijan,5111,Stocks,1749,Sheep and Goats,1998,1998,3050,FAO TIER 1,An,5267000,A,Official figure,
GLE,Emissions from Livestock,52,Azerbaijan,5111,Stocks,1749,Sheep and Goats,1999,1999,3050,FAO TIER 1,An,5511900,A,Official figure,
GLE,Emissions from Livestock,52,Azerbaijan,5111,Stocks,1749,Sheep and Goats,2000,2000,3050,FAO TIER 1,An,5773841,A,Official figure,
GLE,Emissions from Livestock,52,Azerbaijan,5111,Stocks,1749,Sheep and Goats,2001,2001,3050,FAO TIER 1,An,6085663,A,Official figure,
GLE,Emissions from Livestock,52,Azerbaijan,5111,Stocks,1749,Sheep and Goats,2002,2002,3050,FAO TIER 1,An,6558879,A,Official figure,
GLE,Emissions from Livestock,52,Azerbaijan,5111,Stocks,1749,Sheep and Goats,2003,2003,3050,FAO TIER 1,An,6986441,A,Official figure,
GLE,Emissions from Livestock,52,Azerbaijan,5111,Stocks,1749,Sheep and Goats,2004,2004,3050,FAO TIER 1,An,7280142,A,Official figure,
GLE,Emissions from Livestock,52,Azerbaijan,5111,Stocks,1749,Sheep and Goats,2005,2005,3050,FAO TIER 1,An,7488827,A,Official figure,
GLE,Emissions from Livestock,52,Azerbaijan,5111,Stocks,1749,Sheep and Goats,2006,2006,3050,FAO TIER 1,An,7699242,A,Official figure,
GLE,Emissions from Livestock,52,Azerbaijan,5111,Stocks,1749,Sheep and Goats,2007,2007,3050,FAO TIER 1,An,7868399,A,Official figure,
GLE,Emissions from Livestock,52,Azerbaijan,5111,Stocks,1749,Sheep and Goats,2008,2008,3050,FAO TIER 1,An,8109713,A,Official figure,
GLE,Emissions from Livestock,52,Azerbaijan,5111,Stocks,1749,Sheep and Goats,2009,2009,3050,FAO TIER 1,An,8276175,A,Official figure,
GLE,Emissions from Livestock,52,Azerbaijan,5111,Stocks,1749,Sheep and Goats,2010,2010,3050,FAO TIER 1,An,8491837,A,Official figure,
GLE,Emissions from Livestock,52,Azerbaijan,5111,Stocks,1749,Sheep and Goats,2011,2011,3050,FAO TIER 1,An,8405000,A,Official figure,
GLE,Emissions from Livestock,52,Azerbaijan,5111,Stocks,1749,Sheep and Goats,2012,2012,3050,FAO TIER 1,An,8474300,A,Official figure,
GLE,Emissions from Livestock,52,Azerbaijan,5111,Stocks,1749,Sheep and Goats,2013,2013,3050,FAO TIER 1,An,8569400,A,Official figure,
GLE,Emissions from Livestock,52,Azerbaijan,5111,Stocks,1749,Sheep and Goats,2014,2014,3050,FAO TIER 1,An,8645420,A,Official figure,
GLE,Emissions from Livestock,52,Azerbaijan,5111,Stocks,1749,Sheep and Goats,2015,2015,3050,FAO TIER 1,An,8677087,A,Official figure,
GLE,Emissions from Livestock,52,Azerbaijan,5111,Stocks,1749,Sheep and Goats,2016,2016,3050,FAO TIER 1,An,8614801,A,Official figure,
GLE,Emissions from Livestock,52,Azerbaijan,5111,Stocks,1749,Sheep and Goats,2017,2017,3050,FAO TIER 1,An,8454308,A,Official figure,
GLE,Emissions from Livestock,52,Azerbaijan,5111,Stocks,1749,Sheep and Goats,2018,2018,3050,FAO TIER 1,An,8304100,A,Official figure,
GLE,Emissions from Livestock,52,Azerbaijan,5111,Stocks,1749,Sheep and Goats,2019,2019,3050,FAO TIER 1,An,8189223,A,Official figure,
GLE,Emissions from Livestock,52,Azerbaijan,5111,Stocks,1749,Sheep and Goats,2020,2020,3050,FAO TIER 1,An,8089650,A,Official figure,
GLE,Emissions from Livestock,52,Azerbaijan,5111,Stocks,1749,Sheep and Goats,2021,2021,3050,FAO TIER 1,An,7899686,A,Official figure,
GLE,Emissions from Livestock,52,Azerbaijan,5111,Stocks,1749,Sheep and Goats,2030,2030,3050,FAO TIER 1,An,8694085,F,Forecast value,
GLE,Emissions from Livestock,52,Azerbaijan,5111,Stocks,1749,Sheep and Goats,2050,2050,3050,FAO TIER 1,An,9208855,F,Forecast value,
GLE,Emissions from Livestock,52,Azerbaijan,5111,Stocks,1048,Swine,1992,1992,3050,FAO TIER 1,An,137300,E,Estimated value,
GLE,Emissions from Livestock,52,Azerbaijan,5111,Stocks,1048,Swine,1993,1993,3050,FAO TIER 1,An,66900,E,Estimated value,
GLE,Emissions from Livestock,52,Azerbaijan,5111,Stocks,1048,Swine,1994,1994,3050,FAO TIER 1,An,47900,E,Estimated value,
GLE,Emissions from Livestock,52,Azerbaijan,5111,Stocks,1048,Swine,1995,1995,3050,FAO TIER 1,An,33400,E,Estimated value,
GLE,Emissions from Livestock,52,Azerbaijan,5111,Stocks,1048,Swine,1996,1996,3050,FAO TIER 1,An,30379,E,Estimated value,
GLE,Emissions from Livestock,52,Azerbaijan,5111,Stocks,1048,Swine,1997,1997,3050,FAO TIER 1,An,23399,E,Estimated value,
GLE,Emissions from Livestock,52,Azerbaijan,5111,Stocks,1048,Swine,1998,1998,3050,FAO TIER 1,An,20996,E,Estimated value,
GLE,Emissions from Livestock,52,Azerbaijan,5111,Stocks,1048,Swine,1999,1999,3050,FAO TIER 1,An,26103,E,Estimated value,
GLE,Emissions from Livestock,52,Azerbaijan,5111,Stocks,1048,Swine,2000,2000,3050,FAO TIER 1,An,19690,E,Estimated value,
GLE,Emissions from Livestock,52,Azerbaijan,5111,Stocks,1048,Swine,2001,2001,3050,FAO TIER 1,An,18611,E,Estimated value,
GLE,Emissions from Livestock,52,Azerbaijan,5111,Stocks,1048,Swine,2002,2002,3050,FAO TIER 1,An,16853,E,Estimated value,
GLE,Emissions from Livestock,52,Azerbaijan,5111,Stocks,1048,Swine,2003,2003,3050,FAO TIER 1,An,19809,E,Estimated value,
GLE,Emissions from Livestock,52,Azerbaijan,5111,Stocks,1048,Swine,2004,2004,3050,FAO TIER 1,An,22932,E,Estimated value,
GLE,Emissions from Livestock,52,Azerbaijan,5111,Stocks,1048,Swine,2005,2005,3050,FAO TIER 1,An,22936,E,Estimated value,
GLE,Emissions from Livestock,52,Azerbaijan,5111,Stocks,1048,Swine,2006,2006,3050,FAO TIER 1,An,22936,E,Estimated value,
GLE,Emissions from Livestock,52,Azerbaijan,5111,Stocks,1048,Swine,2007,2007,3050,FAO TIER 1,An,21317,E,Estimated value,
GLE,Emissions from Livestock,52,Azerbaijan,5111,Stocks,1048,Swine,2008,2008,3050,FAO TIER 1,An,18676,E,Estimated value,
GLE,Emissions from Livestock,52,Azerbaijan,5111,Stocks,1048,Swine,2009,2009,3050,FAO TIER 1,An,10299,E,Estimated value,
GLE,Emissions from Livestock,52,Azerbaijan,5111,Stocks,1048,Swine,2010,2010,3050,FAO TIER 1,An,5347,E,Estimated value,
GLE,Emissions from Livestock,52,Azerbaijan,5111,Stocks,1048,Swine,2011,2011,3050,FAO TIER 1,An,6300,E,Estimated value,
GLE,Emissions from Livestock,52,Azerbaijan,5111,Stocks,1048,Swine,2012,2012,3050,FAO TIER 1,An,6146,E,Estimated value,
GLE,Emissions from Livestock,52,Azerbaijan,5111,Stocks,1048,Swine,2013,2013,3050,FAO TIER 1,An,6495,E,Estimated value,
GLE,Emissions from Livestock,52,Azerbaijan,5111,Stocks,1048,Swine,2014,2014,3050,FAO TIER 1,An,6143,E,Estimated value,
GLE,Emissions from Livestock,52,Azerbaijan,5111,Stocks,1048,Swine,2015,2015,3050,FAO TIER 1,An,5217,E,Estimated value,
GLE,Emissions from Livestock,52,Azerbaijan,5111,Stocks,1048,Swine,2016,2016,3050,FAO TIER 1,An,4406,E,Estimated value,
GLE,Emissions from Livestock,52,Azerbaijan,5111,Stocks,1048,Swine,2017,2017,3050,FAO TIER 1,An,4856,E,Estimated value,
GLE,Emissions from Livestock,52,Azerbaijan,5111,Stocks,1048,Swine,2018,2018,3050,FAO TIER 1,An,5485,E,Estimated value,
GLE,Emissions from Livestock,52,Azerbaijan,5111,Stocks,1048,Swine,2019,2019,3050,FAO TIER 1,An,5704,E,Estimated value,
GLE,Emissions from Livestock,52,Azerbaijan,5111,Stocks,1048,Swine,2020,2020,3050,FAO TIER 1,An,5877,E,Estimated value,
GLE,Emissions from Livestock,52,Azerbaijan,5111,Stocks,1048,Swine,2021,2021,3050,FAO TIER 1,An,5954,E,Estimated value,
GLE,Emissions from Livestock,52,Azerbaijan,5111,Stocks,1048,Swine,2030,2030,3050,FAO TIER 1,An,27008,F,Forecast value,
GLE,Emissions from Livestock,52,Azerbaijan,5111,Stocks,1048,Swine,2050,2050,3050,FAO TIER 1,An,31899,F,Forecast value,
